# 3ds Max Wavefront OBJ Exporter v0.99 - (c)2007 guruware
# File Created: 29.05.2025 22:40:07

#
# object Sphere001
#

v  -0.4874 0.0542 -0.3748
v  -0.6233 0.2552 -0.3600
v  -0.5089 0.2552 -0.5092
v  0.7717 0.6999 0.2068
v  0.7119 0.9438 0.2949
v  0.6850 0.8229 0.3955
v  0.5108 1.2762 -0.3920
v  0.2339 1.6898 -0.3145
v  0.3349 1.6998 -0.1982
v  -0.5286 1.4442 0.0696
v  -0.6949 1.1701 -0.0000
v  -0.6712 1.1702 0.1799
v  0.3537 0.1875 0.0426
v  0.3549 0.1879 -0.0090
v  0.1528 0.5943 -0.0029
v  -0.9293 1.1434 0.1271
v  -0.8138 1.0919 0.2084
v  -1.0091 1.3987 0.1311
v  -0.3057 0.6999 0.7381
v  -0.1994 0.9437 0.7444
v  -0.3955 0.8229 0.6850
v  -0.1043 0.6999 -0.7921
v  -0.2047 0.8229 -0.7640
v  0.0000 0.8229 -0.7910
v  0.5094 0.2552 -0.5092
v  0.4896 0.0542 -0.3748
v  0.4365 0.0542 -0.4354
v  -0.2464 2.1282 -0.1806
v  -0.2449 2.2239 -0.1828
v  -0.1248 2.0390 -0.2377
v  0.1799 1.1714 -0.6713
v  -0.0000 1.3689 -0.5888
v  0.1523 1.3703 -0.5688
v  -0.4129 2.2123 0.1297
v  -0.3456 2.2749 0.1599
v  -0.6628 2.2693 0.1068
v  -0.3474 1.1706 0.6019
v  -0.3853 0.9437 0.6674
v  0.0206 0.5435 -0.2602
v  0.0556 0.1702 -0.3785
v  -0.2302 0.7216 -0.2601
v  -0.4416 2.4491 -0.0026
v  -0.5119 2.4244 0.0630
v  -0.3041 2.4137 0.0795
v  -0.3719 2.1774 -0.1276
v  -0.4557 2.1931 -0.1019
v  -0.6923 2.1439 -0.0818
v  -0.7276 2.2106 -0.1270
v  -0.5442 2.2455 -0.1226
v  -0.8017 2.2270 -0.1235
v  -0.8822 2.2265 -0.0822
v  -0.7297 2.3270 -0.0966
v  -1.0706 1.8311 0.0439
v  -1.0280 1.8304 0.0921
v  -0.9556 2.1147 0.0481
v  -0.4653 0.8190 -0.2168
v  -0.4352 0.6882 -0.2154
v  -0.8203 1.0737 -0.1295
v  -1.0428 1.3737 0.0599
v  -1.0710 1.4909 -0.0308
v  -0.9994 1.2485 0.0725
v  -0.9031 1.9370 -0.1363
v  -0.8518 1.8583 -0.0774
v  -0.8552 1.7237 -0.0729
v  -0.6857 1.2437 0.2012
v  -0.6068 0.9834 0.2619
v  -0.3915 0.8806 0.2871
v  0.1995 0.9437 0.7444
v  0.2068 0.6999 0.7717
v  0.3995 0.6999 0.6919
v  -0.1614 0.4636 -0.3169
v  -0.2359 0.4295 -0.3003
v  -0.3160 0.5096 -0.2593
v  -0.3787 0.3481 0.2020
v  -0.4134 0.3352 0.1234
v  -0.4093 0.1986 0.0766
v  -0.3737 0.0542 0.4885
v  -0.3597 0.2552 0.6236
v  -0.5089 0.2552 0.5092
v  -0.6952 0.2552 0.1864
v  -0.7520 0.4585 0.2015
v  -0.7785 0.4585 -0.0000
v  0.4272 1.6286 -0.0569
v  0.6439 1.2767 0.0000
v  0.6219 1.2766 -0.1667
v  0.7521 0.4585 -0.2015
v  0.6958 0.2552 -0.1864
v  0.6239 0.2552 -0.3600
v  -0.8297 1.6587 0.0011
v  -0.8430 1.7982 -0.0114
v  -0.8155 1.5866 0.0471
v  -0.0963 0.8064 0.2213
v  -0.0485 0.8537 0.0857
v  -0.1708 0.9404 0.1547
v  0.3576 1.7021 0.1517
v  0.6019 1.1720 0.3475
v  0.6219 1.2766 0.1667
v  -0.1798 1.1709 0.6713
v  -0.1523 1.3674 0.5688
v  -0.2943 1.3661 0.5100
v  -0.6712 1.1702 -0.1799
v  -0.5685 1.3636 -0.1524
v  -0.5097 1.3641 -0.2944
v  -0.3955 0.8229 -0.6850
v  -0.3995 0.6999 -0.6919
v  -0.4864 0.6999 -0.6338
v  0.7203 0.2552 0.0000
v  0.7786 0.4585 0.0000
v  0.7521 0.4585 0.2015
v  -0.3283 2.1714 0.1480
v  -0.2175 2.0904 0.1933
v  -0.3235 1.7605 -0.0410
v  -0.2518 1.8645 -0.1670
v  -0.2763 1.7316 -0.2053
v  -0.9993 1.8281 0.1058
v  -0.8938 2.0068 0.0851
v  -0.8486 2.1776 0.0809
v  -0.5842 2.1761 0.0550
v  -0.5058 2.2291 0.1135
v  -0.7369 2.1964 0.0912
v  -0.3104 0.1454 -0.2623
v  -0.3418 0.1431 -0.2222
v  -0.3527 0.2099 -0.2073
v  0.0307 0.0941 -0.4071
v  0.0463 0.0429 -0.4413
v  -0.0116 0.0427 -0.4441
v  -0.3942 0.1377 0.1220
v  -0.3761 0.1387 0.1702
v  -0.0575 0.0092 0.4806
v  -0.0527 0.0408 0.4459
v  -0.1098 0.0406 0.4356
v  0.1867 0.2552 -0.6955
v  0.2016 0.4585 -0.7521
v  0.3893 0.4585 -0.6743
v  -0.5505 0.4585 -0.5506
v  -0.3892 0.4585 -0.6743
v  -0.8473 1.5604 -0.0978
v  -0.8377 1.3528 -0.1408
v  -0.9001 1.7177 -0.1231
v  -0.9774 2.1304 -0.0323
v  -0.9619 2.1202 -0.0871
v  -1.0254 1.9871 -0.0882
v  -0.6989 1.3584 -0.0435
v  -0.6248 1.3106 0.0288
v  -0.5553 1.2437 -0.0240
v  -0.3062 1.0099 -0.1314
v  -0.2811 1.0376 -0.0753
v  -0.1046 0.8208 -0.1651
v  -0.6093 0.0542 -0.0804
v  -0.7198 0.2552 -0.0000
v  -0.6952 0.2552 -0.1864
v  -0.3892 0.4585 0.6743
v  -0.5505 0.4585 0.5505
v  0.2367 0.0542 0.5688
v  0.3603 0.2552 0.6236
v  0.1867 0.2552 0.6955
v  -0.0873 2.3431 0.0506
v  -0.0873 2.3431 -0.0506
v  -0.2261 2.4096 -0.0446
v  -0.1724 2.0671 0.2163
v  -0.0648 1.8311 0.3113
v  -0.2215 2.2659 0.1765
v  0.6115 0.0542 0.0804
v  0.6958 0.2552 0.1864
v  0.3893 0.4585 0.6743
v  0.2016 0.4585 0.7521
v  0.1254 0.5762 0.1669
v  -0.0014 0.6866 0.2295
v  0.1565 0.4169 0.2517
v  0.1979 -0.0072 0.4696
v  0.1391 -0.0152 0.5120
v  0.2669 -0.0152 0.4590
v  -0.3072 0.0863 -0.2807
v  -0.3227 0.0410 -0.3077
v  -0.3601 0.0407 -0.2631
v  -0.5028 -0.0068 -0.0628
v  -0.5101 -0.0152 -0.1372
v  -0.5282 -0.0152 -0.0000
v  0.3955 0.8229 -0.6850
v  0.3995 0.6999 -0.6919
v  0.2068 0.6999 -0.7717
v  0.6850 0.8229 -0.3955
v  0.5854 1.0606 -0.4492
v  0.7444 0.9438 -0.1994
v  0.0003 0.2552 -0.7201
v  0.0011 0.0542 -0.6157
v  -0.0793 0.0542 -0.6104
v  -0.2634 1.9891 -0.1363
v  -0.1861 1.9437 -0.2221
v  -0.4614 2.1603 0.0530
v  -0.4221 2.1553 0.0746
v  -0.3832 0.3587 -0.1701
v  -0.3604 0.3702 -0.2047
v  -0.3387 0.2894 -0.2260
v  -0.8011 0.9134 -0.0335
v  -0.8085 0.9035 0.0471
v  -0.9434 1.1217 -0.0107
v  -0.7773 2.1141 -0.1152
v  -0.7805 2.0505 -0.0754
v  -0.8250 1.9667 -0.0780
v  -0.6549 2.1435 0.0187
v  -0.7086 2.1516 0.0642
v  0.2600 0.0438 -0.3568
v  0.2278 0.0982 -0.3306
v  0.2689 0.0990 -0.2961
v  -0.3108 0.0398 0.3236
v  -0.2910 0.0848 0.3032
v  -0.3272 0.0841 0.2635
v  -1.0724 1.4987 0.0468
v  -1.0911 1.6137 -0.0026
v  -1.0301 1.9013 -0.1109
v  -0.9582 1.9584 -0.1393
v  -0.9958 1.7144 -0.1390
v  -0.5593 0.8229 -0.5593
v  -0.7706 0.9437 -0.0000
v  -0.7990 0.6999 -0.0000
v  -0.7921 0.6999 0.1043
v  -0.1792 2.3386 -0.1293
v  -0.6579 2.3017 -0.1247
v  0.0193 2.2312 0.1120
v  0.0421 2.2507 -0.0000
v  -0.0233 2.2978 0.0541
v  0.3841 1.7047 0.0517
v  0.0000 1.1711 -0.6950
v  -0.3771 1.4471 -0.3773
v  -0.3474 1.1706 -0.6019
v  -0.4914 1.1704 -0.4914
v  0.2258 0.0422 0.3849
v  0.2026 0.0955 0.3556
v  0.1555 0.0944 0.3808
v  0.3943 0.1007 0.0466
v  0.4375 0.0438 0.0526
v  0.4402 0.0439 -0.0057
v  -0.5593 0.8229 0.5593
v  -0.5649 0.6999 0.5649
v  -0.4864 0.6999 0.6338
v  -0.7640 0.8229 0.2047
v  -0.1806 0.0418 -0.4071
v  -0.1776 0.0894 -0.3737
v  -0.1276 0.0906 -0.3924
v  -0.0441 0.1637 -0.3881
v  -0.1560 0.3425 -0.3393
v  -0.8791 1.5744 0.1381
v  -0.8294 1.5856 0.0833
v  -0.8801 1.7400 0.0880
v  -0.3003 0.9976 0.2065
v  -0.3322 0.9558 0.2500
v  -0.1388 0.7683 0.2714
v  -0.5368 0.5691 0.0111
v  -0.5249 0.5751 0.1173
v  -0.8025 0.9118 0.1008
v  -0.4635 0.5046 0.1551
v  -0.5172 0.7283 0.2464
v  -0.7880 0.9313 0.1503
v  0.1043 0.6999 0.7921
v  0.0000 0.9437 0.7706
v  0.1523 1.3703 0.5688
v  0.0000 1.0604 0.7379
v  0.1910 1.0605 0.7128
v  0.4353 0.0440 -0.0639
v  0.3913 0.1010 -0.0611
v  0.3963 0.1009 -0.0073
v  0.3609 0.1006 -0.1645
v  0.4032 0.0441 -0.1760
v  0.3766 0.0440 -0.2279
v  -0.6233 0.2552 0.3600
v  -0.5677 0.0542 0.2356
v  -0.5321 0.0542 0.3079
v  0.0003 0.2552 0.7201
v  -0.0793 0.0542 0.6104
v  0.0011 0.0542 0.6157
v  0.6239 0.2552 0.3600
v  0.4896 0.0542 0.3748
v  0.5343 0.0542 0.3079
v  -0.3618 2.0916 0.0222
v  -0.3616 2.0916 -0.0224
v  -0.3373 2.0631 -0.0239
v  -0.2850 2.0766 0.1382
v  -0.1900 0.7238 0.3049
v  -0.2086 0.5504 0.3345
v  -0.0626 0.1581 0.3983
v  -0.3277 0.3689 0.2680
v  -0.2637 0.3960 0.3169
v  -0.3853 0.5633 0.2697
v  -0.2322 0.0415 -0.3803
v  -0.9277 2.0951 0.0741
v  -0.7977 2.3201 -0.0497
v  -0.7506 2.3543 0.0125
v  -0.6954 2.3881 -0.0132
v  0.6113 0.9438 -0.4691
v  0.5449 0.9438 -0.5449
v  0.2943 1.3716 -0.5100
v  0.4231 1.1717 -0.5513
v  0.3475 1.1716 -0.6019
v  -0.6897 2.1260 0.0153
v  -0.7259 2.1075 0.0257
v  -0.6161 2.1686 -0.0671
v  0.3759 0.0542 -0.4885
v  0.3603 0.2552 -0.6236
v  -0.4661 0.0096 -0.1180
v  -0.4024 0.1383 -0.0819
v  -0.4102 0.1376 -0.0310
v  -0.4145 0.1989 -0.0224
v  0.2112 0.0436 -0.3883
v  -0.3271 2.1715 -0.1483
v  -0.3184 2.0313 -0.0255
v  -0.3104 2.0420 -0.0748
v  -0.2954 2.0072 -0.0801
v  0.3191 0.0984 0.2462
v  0.3537 0.0430 0.2677
v  0.3850 0.0432 0.2186
v  -0.5677 0.0542 -0.2356
v  -0.5936 0.0542 -0.1594
v  -0.1544 0.9658 0.0158
v  0.1218 0.5846 -0.1293
v  0.0522 0.7329 -0.0378
v  -0.0124 0.1614 0.3997
v  0.1013 0.2696 0.3522
v  -0.0507 0.6529 0.2832
v  0.0107 2.0532 0.2370
v  0.0136 1.8525 0.3113
v  0.2943 1.3716 0.5100
v  -0.1193 0.0092 0.4690
v  -0.1353 -0.0152 0.5120
v  -0.0624 -0.0072 0.5055
v  -0.8655 1.8718 0.0571
v  -0.9216 1.8184 0.1034
v  -0.8981 1.4625 0.1750
v  -0.7972 2.0061 -0.0496
v  -0.7976 2.0059 -0.0061
v  -0.8164 1.9637 -0.0056
v  -0.2842 1.8500 0.1050
v  -0.2892 1.9255 0.0620
v  -0.3261 1.7598 -0.0000
v  -0.4618 1.4454 0.2668
v  0.1496 0.1762 -0.3427
v  0.1249 0.4186 -0.2543
v  0.1924 0.1789 -0.3157
v  0.2197 0.4417 -0.0991
v  0.3377 0.1873 -0.1104
v  -0.9992 1.2416 -0.0158
v  -0.7400 1.1681 -0.1584
v  -0.5261 0.9209 -0.2014
v  -0.1180 2.3018 0.1382
v  -0.2591 2.3339 0.1479
v  -0.3797 2.4007 0.1053
v  -0.7275 1.3272 -0.1015
v  -0.6885 1.3726 0.0258
v  -0.6898 1.3699 0.0021
v  -0.7448 1.4321 -0.0228
v  -0.4417 0.0397 0.0685
v  -0.4761 0.0094 0.0700
v  -0.4631 0.0093 0.1318
v  -0.3781 0.0092 0.2996
v  -0.3498 0.0397 0.2804
v  -0.3830 0.0397 0.2325
v  -0.6018 1.1703 -0.3475
v  -0.7921 0.6999 -0.1043
v  -0.7443 0.9437 -0.1994
v  -0.4190 0.2627 -0.0140
v  -0.4135 0.2652 -0.0604
v  -0.4079 0.2004 -0.0715
v  -0.4533 0.4106 0.0004
v  -0.4526 0.4092 0.0414
v  -0.4883 0.4901 0.0445
v  0.7717 0.6999 -0.2068
v  0.6919 0.6999 -0.3995
v  0.7444 0.9438 0.1995
v  0.7990 0.6999 0.0000
v  -0.6850 0.8229 -0.3955
v  -0.6919 0.6999 -0.3995
v  -0.7381 0.6999 -0.3057
v  0.0000 0.6999 -0.7990
v  -0.9808 1.6479 0.1392
v  -0.9499 1.4344 0.1716
v  -0.2068 0.6999 0.7717
v  -0.1043 0.6999 0.7921
v  -0.2015 0.4585 0.7521
v  -0.1861 0.2552 0.6955
v  0.5449 0.9438 0.5449
v  0.5650 0.6999 0.5649
v  0.6919 0.6999 0.3995
v  0.5506 0.4585 0.5506
v  0.5094 0.2552 0.5092
v  -0.3236 0.2145 -0.2462
v  -0.1427 0.1571 -0.3708
v  -0.1895 0.1539 -0.3524
v  -0.2111 0.2318 -0.3343
v  -0.0842 2.1426 -0.2163
v  -0.3195 2.3551 -0.1395
v  -0.3727 2.4256 -0.0767
v  0.5835 0.0098 0.0000
v  0.5562 -0.0091 0.0000
v  0.5514 -0.0091 -0.0724
v  0.5699 0.0542 -0.2356
v  -0.2345 0.0542 -0.5688
v  -0.3597 0.2552 -0.6236
v  -0.1861 0.2552 -0.6955
v  -0.2897 0.0098 -0.5041
v  -0.2757 -0.0091 -0.4803
v  -0.3360 -0.0091 -0.4399
v  -0.7404 1.4389 0.0212
v  -0.7506 1.4365 0.0868
v  -0.6925 1.3714 0.0732
v  -0.7253 1.3442 0.1563
v  -0.7792 1.4195 0.1429
v  -0.2942 1.9221 0.0313
v  -0.3052 1.9968 0.0273
v  -0.3015 2.0007 0.0541
v  -0.3105 2.0420 0.0748
v  -0.6939 2.3719 0.0459
v  -0.6367 2.3952 0.0516
v  -0.5742 2.3914 0.0840
v  -0.5673 2.3308 0.1177
v  -0.3890 2.3500 0.1380
v  0.3920 1.2757 0.5109
v  0.3690 1.0605 0.6390
v  0.5513 1.1719 0.4231
v  0.3853 0.9438 0.6674
v  0.2853 0.1820 0.2339
v  0.3475 0.0992 0.2005
v  0.2924 0.0098 -0.5041
v  0.2789 -0.0091 -0.4803
v  0.2138 -0.0091 -0.5123
v  0.0815 0.0542 -0.6104
v  -0.4241 2.1358 -0.0203
v  -0.4247 2.1358 0.0190
v  -0.4612 2.1502 0.0172
v  -0.4984 2.1594 -0.0199
v  -0.4977 2.1691 -0.0538
v  -0.4588 2.1605 -0.0557
v  -0.4418 0.4216 -0.0797
v  -0.4497 0.4147 -0.0402
v  -0.4862 0.4961 -0.0318
v  -0.5286 0.5819 -0.0589
v  -0.5566 0.7020 -0.1362
v  -0.4383 0.5434 -0.1675
v  -0.5807 0.0098 -0.0000
v  -0.5529 -0.0091 -0.0000
v  -0.5482 -0.0091 0.0724
v  -0.2897 0.0098 0.5041
v  -0.2757 -0.0091 0.4803
v  -0.2106 -0.0091 0.5123
v  -0.5757 2.4314 -0.0067
v  -0.5612 2.3645 -0.1165
v  -0.6298 2.3961 -0.0704
v  -0.5074 2.4249 -0.0713
v  0.2924 0.0098 0.5041
v  0.2789 -0.0091 0.4803
v  0.3392 -0.0091 0.4399
v  0.0833 0.0952 -0.3980
v  0.0061 0.1670 -0.3866
v  0.3196 0.1864 -0.1586
v  0.2956 0.1851 -0.2039
v  0.3795 0.1009 -0.1138
v  -0.1599 1.9582 0.2370
v  -0.1406 1.8104 0.2900
v  -0.3943 1.6274 -0.0517
v  -0.2763 1.7316 0.2053
v  -0.3329 1.7201 0.0873
v  0.0000 0.9437 -0.7706
v  0.2047 0.8229 -0.7640
v  -0.5449 0.9437 0.5449
v  -0.4914 1.1704 0.4914
v  -0.6018 1.1703 0.3475
v  -0.6338 0.6999 0.4864
v  -0.6850 0.8229 0.3955
v  -0.5028 0.0098 -0.2910
v  -0.4786 -0.0091 -0.2773
v  -0.5107 -0.0091 -0.2122
v  -0.3905 -0.0091 -0.3921
v  -0.4102 0.0098 -0.4116
v  -0.3530 0.0098 -0.4618
v  0.5055 0.0098 -0.2910
v  0.4819 -0.0091 -0.2773
v  0.4416 -0.0091 -0.3376
v  0.5373 -0.0091 -0.1435
v  0.5636 0.0098 -0.1507
v  0.5785 0.0098 -0.0760
v  -1.0492 1.9080 -0.0866
v  -1.0669 1.9170 -0.0264
v  -1.0424 1.9966 -0.0303
v  -1.0744 1.7193 -0.0787
v  0.0535 0.0921 0.4114
v  0.0630 0.0413 0.4438
v  0.1197 0.0416 0.4314
v  0.0375 0.1647 0.3944
v  0.1796 1.9745 -0.1786
v  0.0400 2.1528 -0.1695
v  0.0136 1.8525 -0.3113
v  -0.0431 2.1778 -0.1940
v  0.0894 1.8732 -0.2900
v  -0.5371 2.1721 -0.0528
v  -0.5373 2.1628 -0.0205
v  -0.5760 2.1608 -0.0217
v  -0.6849 2.1237 -0.0279
v  -0.6867 2.1306 -0.0562
v  -0.6535 2.1551 -0.0680
v  -0.3852 0.0098 -0.2878
v  0.5650 0.6999 -0.5649
v  0.6743 0.4585 -0.3893
v  -0.7382 0.9983 0.2235
v  -0.3770 0.7177 0.2997
v  0.1859 2.0596 0.0710
v  0.2270 1.9912 -0.0759
v  0.0977 2.1926 0.0000
v  0.0363 2.2457 -0.0580
v  0.1185 2.1131 -0.1283
v  -0.1424 2.2688 0.1693
v  0.0970 2.0200 0.2176
v  0.3040 1.6209 0.3081
v  -0.7193 2.1013 -0.0016
v  -0.7171 2.1014 -0.0302
v  -0.7740 2.0437 -0.0483
v  -0.7748 2.0427 -0.0055
v  -0.3858 2.1361 0.0799
v  -0.3374 2.0631 0.0238
v  -0.3312 2.0741 0.0699
v  -0.3573 2.1026 0.0654
v  -0.3530 0.0098 0.4618
v  -0.5028 0.0098 0.2910
v  -0.4786 -0.0091 0.2773
v  -0.4383 -0.0091 0.3376
v  0.2241 0.0098 0.5378
v  0.0014 0.0098 0.5821
v  0.0016 -0.0091 0.5546
v  0.0740 -0.0091 0.5498
v  0.5055 0.0098 0.2911
v  0.4819 -0.0091 0.2773
v  0.5139 -0.0091 0.2122
v  0.5785 0.0098 0.0760
v  -0.2827 1.6385 -0.2803
v  -0.1553 1.6511 -0.3663
v  -0.2943 1.3661 -0.5100
v  -0.8354 2.0331 -0.1198
v  -0.8039 2.1443 -0.1308
v  -0.3918 0.0840 -0.1444
v  -0.4075 0.0835 -0.0928
v  -0.3412 0.0854 -0.2391
v  -0.7821 1.5115 0.0360
v  -0.7817 1.5077 -0.0057
v  -0.8102 1.5843 0.0083
v  0.3115 0.1839 0.1900
v  0.3318 0.1855 0.1429
v  0.4272 0.0436 0.1101
v  0.3854 0.1004 0.0999
v  0.3697 0.0998 0.1515
v  -0.4298 0.3322 -0.0062
v  -0.4245 0.4215 0.1595
v  -0.3397 0.9713 -0.1762
v  -0.6196 1.1571 -0.1467
v  -0.8962 2.2378 -0.0283
v  -0.9377 2.1851 -0.0023
v  -0.7908 2.2934 0.0587
v  -1.0287 1.6377 0.1208
v  -1.0783 1.7332 0.0550
v  -1.0392 1.5171 0.1141
v  -0.1790 0.0092 0.4494
v  -0.1651 0.0403 0.4178
v  -0.2176 0.0401 0.3929
v  -0.1121 0.1548 0.3901
v  0.0014 0.0098 -0.5821
v  0.0016 -0.0091 -0.5546
v  -0.0708 -0.0091 -0.5498
v  0.1451 -0.0091 -0.5357
v  0.1520 0.0098 -0.5623
v  0.2241 0.0098 -0.5378
v  -0.6777 2.3145 0.0968
v  -0.3338 0.3832 -0.2355
v  -0.3038 0.3976 -0.2620
v  -0.2743 0.3085 -0.2870
v  -0.1674 0.2383 -0.3525
v  -0.9437 1.7985 -0.1414
v  -0.9122 1.4244 -0.1428
v  -0.9377 1.2794 -0.1210
v  -1.0074 1.5030 -0.1219
v  0.7706 0.9438 0.0000
v  0.7379 1.0607 0.0000
v  0.7128 1.0607 -0.1910
v  -0.0562 1.7198 0.3610
v  -0.2441 1.6423 0.3145
v  -0.4162 1.3650 0.4164
v  -0.2884 0.0092 0.3877
v  -0.2664 0.0400 0.3613
v  -0.2214 0.0098 -0.5378
v  -0.0746 0.0098 -0.5771
v  0.4229 0.0441 -0.1210
v  0.3051 0.0997 -0.2564
v  0.3434 0.0440 -0.2758
v  0.3044 0.0439 -0.3191
v  0.4096 0.0435 0.1657
v  -0.4136 0.4428 -0.1529
v  0.1342 0.0963 -0.3820
v  0.1587 0.0434 -0.4132
v  0.1034 0.0432 -0.4310
v  -0.0756 0.0917 -0.4043
v  -0.0694 0.0424 -0.4393
v  -0.1261 0.0421 -0.4268
v  0.2461 0.0966 0.3244
v  0.2734 0.0425 0.3516
v  0.3163 0.0428 0.3123
v  -0.2320 2.0161 -0.1777
v  -0.2344 2.0724 -0.1812
v  -0.2950 2.0628 -0.1190
v  -0.2766 2.0273 -0.1274
v  -0.4603 2.1503 -0.0198
v  -0.4217 2.1464 -0.0583
v  -0.3567 2.1026 -0.0656
v  -0.3475 2.1238 -0.1043
v  -0.3188 2.0952 -0.1113
v  -0.7717 0.6999 0.2068
v  -0.7381 0.6999 0.3057
v  -0.1994 0.9437 -0.7444
v  -0.3853 0.9437 -0.6674
v  -0.5449 0.9437 -0.5449
v  -0.8210 2.0798 0.0725
v  -0.7948 2.0580 0.0459
v  -0.7609 2.0850 0.0358
v  -0.4466 0.0398 0.0103
v  -0.4337 0.0401 -0.1055
v  -0.4439 0.0399 -0.0480
v  -0.3767 0.2059 -0.1648
v  -0.3952 0.2027 -0.1192
v  -0.4025 0.2692 -0.1056
v  -0.4019 0.3491 -0.1323
v  -0.4160 0.3413 -0.0919
v  -0.9105 1.1489 -0.0938
v  -1.0571 1.4919 -0.0670
v  -0.5101 -0.0152 0.1372
v  -0.4669 -0.0069 0.1981
v  0.5506 0.4585 -0.5505
v  -0.4016 0.0829 0.1209
v  -0.3581 0.0836 0.2194
v  -0.3830 0.0832 0.1716
v  -0.6490 1.2856 0.1490
v  -0.2642 1.0488 0.0883
v  -0.2660 1.0525 -0.0117
v  -0.5757 0.0098 -0.0760
v  -0.5340 -0.0091 -0.1435
v  -0.5609 0.0098 -0.1507
v  -0.5364 0.0098 -0.2228
v  -0.5364 0.0098 0.2228
v  -0.5340 -0.0091 0.1435
v  -0.5609 0.0098 0.1507
v  -0.5757 0.0098 0.0760
v  -0.0746 0.0098 0.5771
v  -0.1419 -0.0091 0.5357
v  -0.1493 0.0098 0.5623
v  -0.2214 0.0098 0.5378
v  0.3937 -0.0091 -0.3921
v  0.4130 0.0098 -0.4116
v  0.4632 0.0098 -0.3543
v  0.3557 0.0098 -0.4618
v  0.4632 0.0098 0.3543
v  0.3937 -0.0091 0.3921
v  0.4130 0.0098 0.4116
v  0.3557 0.0098 0.4618
v  -0.8464 1.9237 0.0390
v  -0.8344 1.9177 0.0113
v  -0.8246 1.9687 0.0227
v  -0.3192 2.0952 0.1112
v  -0.3484 2.1238 0.1040
v  0.3064 1.6970 0.2413
v  0.1185 2.1131 0.1283
v  -0.2631 -0.0152 -0.4590
v  -0.2458 0.0101 -0.4135
v  -0.1898 0.0102 -0.4421
v  -0.2682 0.0872 -0.3173
v  -0.2798 0.0412 -0.3470
v  -0.1758 1.8008 -0.2719
v  -0.7520 0.4585 -0.2015
v  -0.6742 0.4585 -0.3893
v  -0.2015 0.4585 -0.7521
v  0.0001 0.4585 -0.7786
v  -0.2929 1.9640 -0.0580
v  -0.2758 1.9785 -0.1120
v  -0.2929 1.9640 0.0580
v  -0.2972 1.9602 0.0292
v  -0.7579 1.4190 -0.0635
v  -0.7848 1.5040 -0.0261
v  -0.7977 1.4934 -0.0645
v  -0.8141 1.5788 -0.0306
v  0.1055 0.0932 0.3995
v  0.1742 0.0419 0.4116
v  -0.1602 0.1518 0.3754
v  -0.2357 0.0092 0.4221
v  -0.4974 2.1879 -0.0843
v  -0.5773 2.1770 -0.0670
v  -0.3905 -0.0091 0.3921
v  -0.4102 0.0098 0.4116
v  -0.4604 0.0098 0.3543
v  -0.4874 0.0542 0.3748
v  -0.4343 0.0542 0.4354
v  -0.4604 0.0098 -0.3543
v  -0.5321 0.0542 -0.3079
v  0.1451 -0.0091 0.5357
v  0.1520 0.0098 0.5623
v  0.0773 0.0098 0.5771
v  0.0815 0.0542 0.6104
v  0.1605 0.0542 0.5947
v  0.5373 -0.0091 0.1435
v  0.5636 0.0098 0.1507
v  0.5391 0.0098 0.2228
v  0.5699 0.0542 0.2356
v  0.5958 0.0542 0.1594
v  0.5391 0.0098 -0.2228
v  0.5343 0.0542 -0.3079
v  0.3853 0.9438 -0.6674
v  0.1995 0.9437 -0.7444
v  -0.9474 1.1205 0.0367
v  -1.0505 1.6098 -0.1020
v  -0.7486 2.0744 -0.0039
v  -0.7465 2.0743 -0.0324
v  -0.6139 2.1535 -0.0234
v  -0.6504 2.1411 -0.0255
v  -0.7443 0.9437 0.1994
v  -0.6674 0.9437 0.3853
v  0.4688 -0.0069 -0.1965
v  0.5139 -0.0152 -0.1372
v  0.4609 -0.0152 -0.2650
v  0.4619 0.0103 -0.1287
v  0.4749 0.0102 -0.0670
v  0.4018 -0.0068 -0.3112
v  0.3767 -0.0152 -0.3748
v  0.4125 0.0104 -0.2445
v  0.4410 0.0104 -0.1882
v  0.5038 -0.0070 -0.0685
v  0.5319 -0.0152 0.0000
v  0.4798 0.0102 -0.0040
v  0.4764 0.0101 0.0590
v  -0.3707 0.4728 -0.2141
v  -0.3938 0.4568 -0.1853
v  -0.4794 0.5038 -0.0688
v  -0.4691 0.5143 -0.1041
v  -0.4297 0.4310 -0.1175
v  0.3076 -0.0068 -0.4045
v  0.2669 -0.0152 -0.4590
v  0.3350 0.0104 -0.3436
v  0.3770 0.0104 -0.2966
v  0.1924 -0.0067 -0.4703
v  0.1391 -0.0152 -0.5120
v  0.2345 0.0104 -0.4191
v  0.2872 0.0105 -0.3846
v  0.5046 -0.0071 0.0643
v  0.5139 -0.0152 0.1372
v  0.4649 0.0100 0.1210
v  0.4454 0.0099 0.1810
v  0.1181 0.0104 -0.4659
v  0.1778 0.0104 -0.4463
v  0.0642 -0.0067 -0.5039
v  0.0019 -0.0152 -0.5300
v  -0.2899 0.2198 -0.2807
v  -0.2522 0.2255 -0.3102
v  -0.2335 0.1509 -0.3279
v  -0.3084 0.2985 -0.2588
v  -0.3310 2.0741 -0.0700
v  -0.3908 2.1160 -0.0212
v  0.4710 -0.0071 0.1928
v  0.4609 -0.0152 0.2650
v  0.4183 0.0099 0.2379
v  0.3840 0.0098 0.2908
v  -0.8093 1.5043 0.1128
v  -0.6742 0.4585 0.3893
v  -0.0683 -0.0066 -0.5032
v  -0.1353 -0.0152 -0.5120
v  -0.0064 0.0103 -0.4809
v  0.0563 0.0104 -0.4775
v  -0.3696 0.0846 -0.1934
v  -0.3914 0.0405 -0.2140
v  -0.4160 0.0403 -0.1611
v  -0.4466 0.0097 -0.1780
v  0.0001 0.4585 0.7786
v  0.4055 -0.0072 0.3082
v  0.3767 -0.0152 0.3748
v  0.3432 0.0097 0.3388
v  0.2964 0.0096 0.3809
v  -0.1961 -0.0066 -0.4681
v  -0.1306 0.0102 -0.4631
v  -0.0691 0.0103 -0.4761
v  0.6743 0.4585 0.3893
v  0.2539 0.1797 0.2739
v  0.2851 0.0976 0.2878
v  0.1770 0.1742 0.3396
v  0.0052 0.0093 0.4840
v  0.0019 -0.0152 0.5300
v  0.0701 -0.0072 0.5047
v  0.1294 0.0094 0.4661
v  0.0679 0.0093 0.4791
v  -0.0509 0.8579 -0.0287
v  -1.0020 2.0631 0.0254
v  -0.5779 2.1606 0.0102
v  -0.5379 2.1616 -0.0038
v  0.3123 -0.0072 0.4026
v  0.2446 0.0095 0.4166
v  0.1886 0.0095 0.4451
v  -0.2247 0.0883 -0.3485
v  -0.2740 0.1480 -0.2977
v  -0.4114 0.1372 0.0206
v  -0.4150 0.1983 0.0272
v  -0.4184 0.0829 0.0144
v  -0.4164 0.0831 -0.0395
v  -0.3015 2.0007 -0.0541
v  -0.3185 2.0313 0.0255
v  0.7128 1.0607 0.1910
v  -0.0225 0.0929 -0.4093
v  -0.0940 0.1604 -0.3828
v  -0.1217 0.2451 -0.3645
v  -0.5482 -0.0091 -0.0724
v  -0.5107 -0.0091 0.2122
v  -0.4383 -0.0091 -0.3376
v  -0.3360 -0.0091 0.4399
v  -0.1493 0.0098 -0.5623
v  -0.1419 -0.0091 -0.5357
v  -0.2106 -0.0091 -0.5123
v  -0.0708 -0.0091 0.5498
v  0.2138 -0.0091 0.5123
v  0.3392 -0.0091 -0.4399
v  0.0740 -0.0091 -0.5498
v  0.4416 -0.0091 0.3376
v  0.5139 -0.0091 -0.2122
v  0.5514 -0.0091 0.0724
v  0.3576 1.7021 -0.1517
v  0.6420 1.1720 -0.2659
v  -0.5917 1.1946 -0.1154
v  -0.8389 1.9768 0.0476
v  -0.7880 2.0525 0.0343
v  -0.8054 2.0111 0.0215
v  -0.0528 0.0897 0.4142
v  0.0004 0.0909 0.4164
v  0.0052 0.0411 0.4487
v  -0.6093 0.0542 0.0804
v  -0.5936 0.0542 0.1594
v  -0.6146 0.0542 -0.0000
v  -0.3737 0.0542 -0.4885
v  -0.4343 0.0542 -0.4354
v  -0.3068 0.0542 -0.5332
v  -0.2345 0.0542 0.5688
v  -0.1583 0.0542 0.5947
v  -0.3068 0.0542 0.5332
v  0.3459 0.1867 0.0935
v  0.3090 0.0542 -0.5332
v  0.2367 0.0542 -0.5688
v  0.1605 0.0542 -0.5947
v  0.3090 0.0542 0.5332
v  0.3759 0.0542 0.4885
v  0.4365 0.0542 0.4354
v  0.6168 0.0542 0.0000
v  0.6115 0.0542 -0.0804
v  0.5958 0.0542 -0.1594
v  -0.2447 2.3676 0.1207
v  -0.1975 0.3307 -0.3276
v  -0.2372 0.3193 -0.3100
v  -0.2710 0.4131 -0.2837
v  0.1451 1.6810 0.3663
v  -0.4243 2.1397 0.0383
v  -0.1798 1.1709 -0.6713
v  -0.1523 1.3674 -0.5688
v  0.6113 0.9438 0.4691
v  -0.2971 2.4352 -0.0007
v  -0.3883 0.1396 -0.1313
v  -0.3680 0.1412 -0.1783
v  -0.1054 0.0886 0.4051
v  -0.1563 0.0875 0.3891
v  -0.2871 2.0161 0.1046
v  -0.2951 2.0628 0.1190
v  -0.2955 2.0072 0.0801
v  -0.4195 0.0097 -0.2349
v  -0.4572 -0.0152 -0.2650
v  -0.4692 -0.0067 -0.1913
v  -0.4837 0.4919 0.0825
v  -0.4300 0.5290 0.2189
v  -0.2303 1.8741 0.1940
v  -0.2857 1.9701 0.0857
v  -0.2631 -0.0152 0.4590
v  -0.1906 -0.0071 0.4718
v  -0.2871 2.0161 -0.1046
v  0.3495 0.1878 -0.0602
v  -0.7640 0.9437 0.1006
v  -0.7379 1.0601 -0.0000
v  0.7640 0.9438 -0.1006
v  -0.6674 0.9437 -0.3853
v  -0.6338 0.6999 -0.4864
v  -0.1583 0.0542 -0.5947
v  0.2154 1.9871 -0.1123
v  0.0773 0.0098 -0.5771
v  -0.4134 0.0828 0.0682
v  -0.0590 1.7761 -0.3343
v  -0.1555 2.3805 0.0472
v  -0.2265 2.4096 0.0440
v  -0.3105 -0.0066 -0.4011
v  -0.3729 -0.0152 -0.3748
v  -0.3917 2.3110 -0.1505
v  -0.8496 1.8657 0.0303
v  0.2154 1.9871 0.1123
v  -0.0000 1.3689 0.5888
v  -0.0095 1.7267 0.3642
v  -0.3015 2.1252 -0.1450
v  0.0545 0.7287 0.0844
v  0.1489 0.5896 0.0843
v  -0.3861 0.2746 -0.1487
v  -0.3647 0.2814 -0.1891
v  -0.8148 1.9622 -0.0353
v  -0.8294 1.9142 -0.0188
v  -0.8390 1.8596 -0.0159
v  -0.4137 0.0092 0.2476
v  -0.4572 -0.0152 0.2650
v  -0.4000 -0.0070 0.3127
v  -0.4096 0.0397 0.1805
v  -0.4422 0.0093 0.1913
v  -0.7557 2.0802 0.0233
v  -0.6871 2.1235 0.0012
v  -0.3362 0.0092 0.3466
v  -0.3729 -0.0152 0.3748
v  -0.3057 -0.0071 0.4061
v  -0.8504 2.2800 0.0036
v  -0.3808 2.1478 -0.0979
v  -0.3346 2.1538 -0.1358
v  -0.4176 2.1668 -0.0924
v  -0.2158 1.7440 0.2675
v  -0.7717 0.6999 -0.2068
v  -0.6919 0.6999 0.3995
v  -0.5649 0.6999 -0.5649
v  -0.3995 0.6999 0.6919
v  -0.2068 0.6999 -0.7717
v  -0.3057 0.6999 -0.7381
v  0.0000 0.6999 0.7990
v  0.1043 0.6999 -0.7921
v  -0.4254 0.3357 -0.0496
v  -0.2048 0.0865 0.3665
v  -0.2499 0.0856 0.3377
v  -0.7143 1.3539 0.1379
v  -0.4293 0.0397 0.1256
v  0.3360 0.1002 -0.2123
v  0.2661 0.1834 -0.2457
v  -0.3521 0.1400 0.2156
v  -0.2880 0.1438 0.2948
v  -0.3226 0.1417 0.2573
v  -0.3534 2.1120 0.0854
v  -0.3259 2.0834 0.0914
v  0.1827 0.0973 -0.3594
v  0.1037 0.1733 -0.3637
v  -0.0605 2.2580 -0.1479
v  -0.8188 2.0201 0.0459
v  -0.8480 1.9819 0.0583
v  -0.8273 2.0259 0.0563
v  -0.2061 0.1488 0.3543
v  -0.2489 0.1462 0.3273
v  -0.3052 1.9968 -0.0273
v  -0.3064 1.9955 0.0000
v  -0.2987 1.9590 0.0000
v  -0.2972 1.9602 -0.0292
v  -0.2892 1.9255 -0.0620
v  -0.5004 2.1628 0.0324
v  -0.4990 2.1581 -0.0023
v  -0.3444 0.0099 -0.3357
v  -0.2976 0.0100 -0.3778
v  -0.4036 -0.0067 -0.3067
v  -0.4810 0.0094 0.0071
v  -0.5020 -0.0068 0.0700
v  0.0786 0.5677 -0.2022
v  -0.6526 2.1408 0.0042
v  -0.9790 2.0479 -0.1109
v  -0.8908 2.1490 -0.1231
v  0.0862 0.1680 0.3825
v  0.1330 0.1712 0.3641
v  -0.5343 0.5738 -0.0244
v  -0.4776 0.0095 -0.0559
v  0.2084 1.7587 0.2889
v  -0.7826 1.1295 0.2261
v  -0.3873 2.1269 -0.0617
v  -0.3678 1.6300 -0.1517
v  0.2315 0.1813 -0.2832
v  -0.7678 1.4267 0.1258
v  -0.7994 1.5079 0.0953
v  -0.3912 2.1160 0.0207
v  -0.3883 2.1268 0.0611
v  -0.2732 2.0922 -0.1551
v  -0.2642 2.0405 -0.1479
v  0.1093 1.8106 0.3115
v  -0.0051 1.6660 -0.3965
v  -0.4474 0.4105 0.0820
v  -0.4381 0.4147 0.1216
v  -0.4754 0.4967 0.1196
v  -0.4238 0.3320 0.0810
v  -0.9863 1.2616 0.1132
v  -0.2771 1.0294 0.1513
v  -0.6331 1.3030 0.1039
v  -0.4060 0.1372 0.0719
v  -0.4293 0.3310 0.0376
v  -0.4189 0.2618 0.0329
v  -0.1006 0.9437 0.7640
v  -0.4579 2.1692 -0.0724
v  -0.4891 0.4916 0.0062
v  -0.4553 0.5276 -0.1372
v  -0.7195 2.1076 -0.0582
v  -0.3446 0.4905 -0.2389
v  -1.0933 1.7259 -0.0123
v  0.2175 0.1771 0.3093
v  -0.1422 2.2689 -0.1693
v  -0.6160 2.1532 0.0072
v  -0.8547 1.9276 0.0513
v  -0.7495 2.0796 -0.0603
v  0.1451 1.6810 -0.3663
v  -0.5236 -0.0152 -0.0692
v  -0.5236 -0.0152 0.0692
v  -0.4878 -0.0152 -0.2028
v  -0.4878 -0.0152 0.2028
v  -0.4186 -0.0152 -0.3227
v  -0.4186 -0.0152 0.3227
v  -0.3208 -0.0152 -0.4205
v  -0.3208 -0.0152 0.4205
v  -0.2010 -0.0152 -0.4897
v  -0.2010 -0.0152 0.4897
v  -0.0673 -0.0152 -0.5255
v  -0.0673 -0.0152 0.5255
v  0.0711 -0.0152 -0.5255
v  0.0711 -0.0152 0.5255
v  0.2047 -0.0152 -0.4897
v  0.2047 -0.0152 0.4897
v  0.3245 -0.0152 -0.4205
v  0.3245 -0.0152 0.4205
v  0.4224 -0.0152 -0.3227
v  0.4224 -0.0152 0.3227
v  0.4916 -0.0152 -0.2028
v  0.4916 -0.0152 0.2028
v  0.5274 -0.0152 -0.0692
v  0.5274 -0.0152 0.0692
# 1027 vertices

vn -0.6333 -0.6024 -0.4859
vn -0.7948 -0.3971 -0.4589
vn -0.6491 -0.3968 -0.6490
vn 0.9658 0.0159 0.2588
vn 0.8968 0.2403 0.3715
vn 0.8589 0.1279 0.4959
vn 0.6835 0.5061 -0.5259
vn 0.4944 0.5196 -0.6969
vn 0.7303 0.5194 -0.4436
vn -0.7776 0.6207 0.1007
vn -0.8966 0.4428 -0.0000
vn -0.8662 0.4426 0.2319
vn 0.8911 0.4463 0.0823
vn 0.8923 0.4501 -0.0348
vn 0.8217 0.5672 -0.0548
vn -0.6532 -0.3006 0.6949
vn -0.4594 -0.2186 0.8609
vn -0.5473 -0.0490 0.8355
vn -0.3826 0.0158 0.9238
vn -0.2512 0.2407 0.9375
vn -0.4959 0.1279 0.8589
vn -0.1305 0.0158 -0.9913
vn -0.2567 0.1279 -0.9580
vn -0.0000 0.1279 -0.9918
vn 0.6499 -0.3938 -0.6500
vn 0.6360 -0.5978 -0.4880
vn 0.5667 -0.5981 -0.5667
vn -0.4578 -0.1151 -0.8816
vn -0.1830 0.1206 -0.9757
vn -0.2731 0.2020 -0.9405
vn 0.2321 0.4375 -0.8688
vn -0.0051 0.5628 -0.8266
vn 0.2100 0.5588 -0.8022
vn -0.1977 -0.2467 0.9487
vn -0.1761 0.0628 0.9824
vn -0.1272 -0.2759 0.9527
vn -0.4494 0.4405 0.7772
vn -0.4853 0.2408 0.8405
vn 0.4396 0.4346 -0.7860
vn 0.2004 0.3084 -0.9299
vn 0.0464 0.2917 -0.9554
vn -0.0180 0.9998 0.0013
vn -0.1268 0.9611 0.2454
vn 0.0736 0.9665 0.2461
vn -0.2675 -0.1905 -0.9445
vn -0.4001 -0.5114 -0.7605
vn -0.2319 -0.6935 -0.6821
vn 0.1403 -0.5099 -0.8487
vn 0.1086 -0.1301 -0.9855
vn -0.0403 -0.4092 -0.9115
vn -0.1930 0.3038 -0.9330
vn -0.4569 0.5123 -0.7272
vn -0.3127 0.6272 -0.7133
vn -0.7355 0.1910 0.6500
vn -0.5348 0.1925 0.8228
vn -0.4996 0.2747 0.8216
vn -0.2587 -0.0141 -0.9658
vn -0.4482 -0.1690 -0.8778
vn -0.4724 -0.3035 -0.8275
vn -0.9293 -0.2721 0.2498
vn -0.9810 -0.1940 0.0000
vn -0.9132 -0.4065 0.0273
vn 0.5377 -0.1508 -0.8295
vn 0.7287 -0.2075 -0.6526
vn 0.7469 -0.0468 -0.6633
vn 0.1056 0.3152 0.9431
vn -0.1605 0.0176 0.9869
vn 0.0347 0.2228 0.9743
vn 0.2512 0.2406 0.9376
vn 0.2588 0.0158 0.9658
vn 0.4999 0.0158 0.8659
vn -0.1411 0.1930 -0.9710
vn -0.3837 0.0830 -0.9197
vn -0.4921 -0.0483 -0.8692
vn -0.8245 -0.1949 0.5313
vn -0.9228 -0.2337 0.3064
vn -0.9815 -0.0743 0.1763
vn -0.4862 -0.6019 0.6336
vn -0.4591 -0.3964 0.7951
vn -0.6491 -0.3968 0.6490
vn -0.8864 -0.3974 0.2375
vn -0.9456 -0.2042 0.2534
vn -0.9789 -0.2043 0.0000
vn 0.8292 0.5475 -0.1126
vn 0.8633 0.5048 0.0000
vn 0.8336 0.5050 -0.2239
vn 0.9458 -0.2032 -0.2534
vn 0.8881 -0.3933 -0.2380
vn 0.7961 -0.3935 -0.4597
vn 0.9754 0.2202 0.0027
vn 0.9564 0.1316 0.2608
vn 0.9049 0.3602 0.2266
vn 0.5249 0.5635 0.6380
vn 0.6317 0.6478 0.4257
vn 0.5644 0.7024 0.4337
vn 0.7837 0.5198 0.3401
vn 0.7795 0.4354 0.4504
vn 0.8336 0.5050 0.2239
vn -0.2332 0.4395 0.8675
vn -0.2181 0.5670 0.7943
vn -0.4145 0.5712 0.7085
vn -0.8662 0.4426 -0.2319
vn -0.7872 0.5801 -0.2094
vn -0.7080 0.5781 -0.4055
vn -0.4959 0.1279 -0.8589
vn -0.4999 0.0158 -0.8659
vn -0.6087 0.0158 -0.7933
vn 0.9194 -0.3932 0.0000
vn 0.9791 -0.2032 0.0000
vn 0.9458 -0.2032 0.2534
vn -0.4182 -0.1893 0.8884
vn -0.4835 -0.0386 0.8745
vn -0.9561 0.2011 -0.2134
vn -0.8288 0.1984 -0.5232
vn -0.7444 0.4481 -0.4951
vn -0.0144 0.1226 0.9924
vn 0.2220 -0.0265 0.9747
vn -0.0332 0.0562 0.9979
vn 0.1007 -0.7105 0.6965
vn -0.1612 -0.5108 0.8445
vn 0.0923 -0.4970 0.8628
vn -0.7421 0.0988 -0.6629
vn -0.8228 0.0813 -0.5624
vn -0.8371 -0.0090 -0.5470
vn 0.0850 0.4788 -0.8738
vn 0.0772 0.7061 -0.7039
vn -0.0162 0.7033 -0.7107
vn -0.9562 0.0318 0.2910
vn -0.9112 0.0349 0.4106
vn -0.0680 0.8241 0.5624
vn -0.0847 0.6878 0.7210
vn -0.1789 0.6862 0.7051
vn 0.2378 -0.3948 -0.8875
vn 0.2534 -0.2036 -0.9457
vn 0.4895 -0.2034 -0.8479
vn -0.6922 -0.2041 -0.6922
vn -0.4895 -0.2040 -0.8478
vn 0.5276 0.0802 -0.8457
vn 0.1916 0.1615 -0.9681
vn 0.2633 0.0777 -0.9616
vn -0.8230 0.5641 -0.0670
vn -0.7820 0.5395 -0.3121
vn -0.8840 0.3494 -0.3107
vn 0.6554 0.6367 -0.4063
vn 0.6170 0.7854 -0.0493
vn 0.5204 0.8007 -0.2967
vn 0.3929 0.6749 -0.6247
vn 0.4934 0.7673 -0.4097
vn 0.5022 0.6038 -0.6190
vn -0.7910 -0.6029 -0.1041
vn -0.9176 -0.3974 -0.0000
vn -0.8864 -0.3974 -0.2375
vn -0.4895 -0.2040 0.8478
vn -0.6922 -0.2041 0.6922
vn 0.3064 -0.5990 0.7398
vn 0.4595 -0.3943 0.7959
vn 0.2378 -0.3948 0.8875
vn 0.4876 0.8731 0.0004
vn 0.4674 0.8503 -0.2418
vn 0.2790 0.9295 -0.2412
vn -0.3911 0.0948 0.9154
vn -0.2130 0.3680 0.9051
vn -0.0268 0.3370 0.9411
vn 0.7952 -0.5972 0.1047
vn 0.8881 -0.3933 0.2380
vn 0.4895 -0.2034 0.8479
vn 0.2534 -0.2036 0.9457
vn 0.7456 0.5207 0.4158
vn 0.5809 0.5133 0.6317
vn 0.6589 0.4172 0.6259
vn 0.1585 0.9131 0.3757
vn 0.0841 0.9456 0.3143
vn 0.1595 0.9478 0.2760
vn -0.6729 0.4008 -0.6218
vn -0.5221 0.6945 -0.4951
vn -0.5823 0.6942 -0.4230
vn -0.4083 0.9114 -0.0507
vn -0.3209 0.9431 -0.0871
vn -0.3320 0.9433 -0.0011
vn 0.4959 0.1279 -0.8589
vn 0.4999 0.0158 -0.8659
vn 0.2588 0.0158 -0.9658
vn 0.8589 0.1279 -0.4959
vn 0.7445 0.3453 -0.5714
vn 0.9376 0.2403 -0.2512
vn -0.0000 -0.3953 -0.9185
vn 0.0000 -0.6001 -0.7999
vn -0.1044 -0.6005 -0.7928
vn -0.8340 -0.1118 -0.5403
vn -0.7598 0.2017 -0.6181
vn -0.1587 -0.7161 0.6797
vn -0.2486 -0.6936 0.6761
vn -0.8394 -0.1482 -0.5229
vn -0.7724 -0.1106 -0.6255
vn -0.7746 -0.0152 -0.6322
vn -0.7285 -0.6038 -0.3236
vn -0.7684 -0.6381 0.0479
vn -0.8426 -0.4980 -0.2050
vn 0.4163 -0.3688 -0.8310
vn 0.5482 -0.5191 -0.6558
vn 0.6649 -0.3700 -0.6488
vn 0.2636 -0.8247 0.5004
vn 0.2739 -0.6460 0.7125
vn 0.4134 0.7186 -0.5592
vn 0.4969 0.5294 -0.6876
vn 0.5785 0.5395 -0.6117
vn -0.5076 0.6861 0.5212
vn -0.6433 0.3767 0.6666
vn -0.7252 0.3737 0.5783
vn -0.9574 -0.1650 0.2369
vn -0.9731 -0.0541 0.2238
vn -0.4356 0.1748 -0.8830
vn -0.2013 0.0922 -0.9752
vn -0.2498 -0.0117 -0.9682
vn -0.7013 0.1279 -0.7013
vn -0.9705 0.2410 -0.0000
vn -0.9999 0.0157 -0.0000
vn -0.9913 0.0157 0.1305
vn 0.2372 0.6982 -0.6755
vn 0.2370 0.8491 -0.4721
vn 0.4063 0.7827 -0.4715
vn -0.1010 0.2270 -0.9686
vn 0.5491 0.6889 0.4732
vn 0.6254 0.7414 0.2435
vn 0.5513 0.7982 0.2428
vn 0.8460 0.5203 0.1162
vn -0.0007 0.4385 -0.8988
vn -0.5655 0.6113 -0.5536
vn -0.4494 0.4405 -0.7772
vn -0.6349 0.4414 -0.6341
vn 0.3660 0.7041 0.6085
vn 0.4545 0.4924 0.7423
vn 0.3561 0.4775 0.8032
vn 0.8234 0.5611 0.0853
vn 0.6830 0.7263 0.0772
vn 0.6860 0.7275 -0.0123
vn -0.7013 0.1279 0.7013
vn -0.7070 0.0158 0.7070
vn -0.6087 0.0158 0.7933
vn -0.9580 0.1280 0.2567
vn -0.2914 0.6969 -0.6553
vn -0.3782 0.4277 -0.8210
vn -0.2653 0.4393 -0.8582
vn -0.0514 0.2515 -0.9665
vn -0.2404 0.1765 -0.9545
vn 0.4548 0.3124 0.8340
vn 0.6601 0.3485 0.6655
vn 0.6873 0.2630 0.6770
vn 0.4116 0.6353 0.6534
vn 0.2805 0.4917 0.8243
vn 0.3731 0.4472 0.8129
vn -0.7973 -0.6000 -0.0662
vn -0.7584 -0.5766 0.3039
vn -0.7413 -0.6036 0.2935
vn -0.7839 -0.4552 0.4223
vn -0.4690 -0.3461 0.8125
vn -0.6726 -0.5251 0.5214
vn 0.1305 0.0158 0.9913
vn -0.0000 0.2406 0.9706
vn 0.2100 0.5588 0.8022
vn -0.0002 0.3463 0.9381
vn 0.2427 0.3460 0.9063
vn 0.6781 0.7280 -0.1014
vn 0.8152 0.5645 -0.1299
vn 0.8256 0.5638 -0.0226
vn 0.7566 0.5600 -0.3375
vn 0.6298 0.7270 -0.2735
vn 0.5899 0.7257 -0.3540
vn -0.7948 -0.3971 0.4589
vn -0.7372 -0.6028 0.3054
vn -0.6911 -0.6026 0.3990
vn -0.0000 -0.3953 0.9185
vn -0.1044 -0.6005 0.7928
vn 0.0000 -0.6001 0.7999
vn 0.7961 -0.3935 0.4597
vn 0.6360 -0.5978 0.4880
vn 0.6944 -0.5976 0.4009
vn -0.6638 -0.7389 0.1162
vn -0.6647 -0.7371 -0.1220
vn -0.7815 -0.6125 -0.1190
vn -0.6608 -0.1572 0.7339
vn 0.1851 0.3039 0.9345
vn -0.1288 0.0853 0.9880
vn -0.1029 0.1776 0.9787
vn -0.6746 -0.1290 0.7268
vn -0.4787 -0.0400 0.8771
vn -0.5268 -0.2512 0.8120
vn -0.3753 0.6958 -0.6124
vn -0.3629 0.2675 0.8926
vn -0.5218 0.8039 -0.2853
vn -0.4789 0.8774 -0.0285
vn -0.3969 0.9176 -0.0196
vn 0.7701 0.2404 -0.5909
vn 0.6864 0.2404 -0.6864
vn 0.4122 0.5554 -0.7222
vn 0.5474 0.4362 -0.7142
vn 0.4493 0.4366 -0.7794
vn 0.4317 -0.8579 0.2787
vn 0.3601 -0.5920 0.7210
vn 0.2257 -0.8505 -0.4750
vn -0.0236 -0.6318 -0.7748
vn 0.4878 -0.5983 -0.6357
vn 0.4595 -0.3943 -0.7959
vn -0.5409 0.8300 -0.1359
vn -0.9761 0.0451 -0.2127
vn -0.9955 0.0381 -0.0868
vn -0.9950 -0.0674 -0.0733
vn 0.3380 0.7156 -0.6113
vn -0.4297 -0.3525 -0.8313
vn -0.8775 -0.4654 -0.1161
vn -0.8332 -0.4337 -0.3431
vn -0.8971 -0.2863 -0.3365
vn 0.6862 0.5313 0.4969
vn 0.5620 0.7158 0.4145
vn 0.6082 0.7192 0.3359
vn -0.7372 -0.6028 -0.3054
vn -0.7706 -0.6029 -0.2065
vn 0.6268 0.7777 -0.0483
vn 0.6193 0.7599 0.1977
vn 0.6898 0.6983 0.1914
vn 0.7360 0.5437 -0.4032
vn 0.6809 0.6095 -0.4061
vn 0.0270 0.2075 0.9779
vn 0.3944 0.2833 0.8742
vn 0.4187 0.4147 0.8079
vn 0.2173 0.4126 0.8846
vn 0.0328 0.3897 0.9204
vn 0.4122 0.5554 0.7222
vn -0.1410 0.8238 0.5490
vn -0.0870 0.9427 0.3220
vn -0.0518 0.9092 0.4132
vn 0.6067 0.1021 0.7884
vn 0.3768 0.1339 0.9166
vn 0.0559 0.2275 0.9722
vn 0.8495 -0.4939 -0.1856
vn 0.8460 -0.4976 0.1916
vn 0.9089 -0.3709 0.1905
vn -0.9266 0.1991 0.3191
vn -0.9759 -0.0155 0.2177
vn -0.9734 0.2026 0.1068
vn -0.6849 0.6164 0.3884
vn 0.4290 0.3598 -0.8286
vn 0.5735 0.4301 -0.6972
vn 0.5296 0.3820 -0.7574
vn 0.8207 0.4949 -0.2854
vn 0.8540 0.4474 -0.2655
vn -0.8875 -0.4092 -0.2119
vn -0.1977 -0.0531 -0.9788
vn -0.1613 0.0693 -0.9845
vn 0.4818 0.7381 0.4723
vn 0.3036 0.6728 0.6747
vn 0.4243 0.6039 0.6747
vn 0.0629 0.5405 0.8390
vn 0.0837 0.7297 0.6787
vn 0.0072 0.7327 0.6806
vn 0.4057 0.2928 -0.8659
vn 0.7092 0.7035 -0.0470
vn 0.7031 0.6906 -0.1698
vn 0.7806 0.5588 -0.2801
vn -0.7136 0.6922 0.1077
vn -0.5527 0.8295 0.0804
vn -0.5383 0.8290 0.1517
vn -0.4427 0.8266 0.3475
vn -0.5702 0.6872 0.4502
vn -0.6226 0.6885 0.3719
vn -0.7770 0.4422 -0.4481
vn -0.9913 0.0157 -0.1305
vn -0.9375 0.2410 -0.2512
vn -0.9913 -0.1161 -0.0618
vn -0.9773 -0.1052 -0.1841
vn -0.9786 -0.0583 -0.1976
vn -0.9255 -0.3744 -0.0562
vn -0.9227 -0.3798 0.0661
vn -0.8611 -0.5045 0.0630
vn 0.9658 0.0159 -0.2588
vn 0.8659 0.0159 -0.4999
vn 0.9376 0.2403 0.2512
vn 0.9999 0.0159 0.0000
vn -0.8589 0.1279 -0.4959
vn -0.8659 0.0157 -0.4999
vn -0.9238 0.0157 -0.3826
vn -0.0000 0.0158 -0.9999
vn 0.1150 0.1604 0.9803
vn -0.3249 0.0594 0.9439
vn -0.2588 0.0158 0.9658
vn -0.1305 0.0158 0.9913
vn -0.2534 -0.2039 0.9456
vn -0.2377 -0.3959 0.8870
vn 0.6864 0.2404 0.6864
vn 0.7070 0.0158 0.7070
vn 0.8659 0.0159 0.4999
vn 0.6923 -0.2033 0.6923
vn 0.6499 -0.3938 0.6500
vn -0.7605 0.0146 -0.6492
vn -0.3066 0.1941 -0.9318
vn -0.4285 0.1671 -0.8879
vn -0.4555 0.1044 -0.8841
vn 0.0538 0.3603 -0.9313
vn 0.0217 0.5365 -0.8436
vn 0.0954 0.7273 -0.6796
vn 0.6600 -0.7512 -0.0000
vn 0.3857 -0.9226 0.0000
vn 0.3823 -0.9227 -0.0503
vn 0.7409 -0.5974 -0.3069
vn -0.3058 -0.6012 -0.7383
vn -0.4591 -0.3964 -0.7951
vn -0.2377 -0.3959 -0.8870
vn -0.3278 -0.7551 -0.5677
vn -0.1906 -0.9245 -0.3301
vn -0.2318 -0.9246 -0.3022
vn 0.8039 0.5934 -0.0399
vn 0.7410 0.5884 0.3235
vn 0.6855 0.7001 0.2000
vn 0.2828 0.4822 0.8291
vn 0.4924 0.5748 0.6536
vn 0.3761 0.4174 0.8272
vn -0.9939 -0.0170 0.1090
vn -0.9447 -0.3078 0.1129
vn -0.9268 -0.3005 0.2254
vn -0.8323 -0.4361 0.3423
vn -0.4013 0.8867 0.2296
vn -0.3149 0.9191 0.2369
vn -0.2161 0.6999 0.6808
vn -0.2020 0.4975 0.8436
vn -0.0743 0.4219 0.9036
vn 0.5234 0.5074 0.6846
vn 0.4691 0.3457 0.8127
vn 0.7139 0.4356 0.5483
vn 0.4853 0.2405 0.8406
vn 0.7484 0.3968 0.5315
vn 0.7396 0.5415 0.3998
vn 0.3293 -0.7526 -0.5703
vn 0.1921 -0.9233 -0.3327
vn 0.1469 -0.9234 -0.3546
vn 0.1045 -0.5997 -0.7934
vn -0.4053 -0.9052 -0.1278
vn -0.4056 -0.9068 0.1149
vn -0.2756 -0.9544 0.1147
vn -0.1427 -0.9811 -0.1304
vn -0.1364 -0.9193 -0.3692
vn -0.2628 -0.8923 -0.3670
vn -0.8930 -0.3378 -0.2973
vn -0.9157 -0.3604 -0.1779
vn -0.8558 -0.4839 -0.1829
vn -0.7718 -0.5547 -0.3108
vn -0.6122 -0.4539 -0.6474
vn -0.7054 -0.3215 -0.6317
vn -0.6541 -0.7564 0.0000
vn -0.3797 -0.9251 0.0000
vn -0.3765 -0.9251 0.0496
vn -0.3278 -0.7551 0.5677
vn -0.1906 -0.9245 0.3301
vn -0.1460 -0.9244 0.3525
vn -0.2165 0.9763 -0.0055
vn -0.1334 0.4921 -0.8602
vn -0.1608 0.6985 -0.6973
vn -0.1026 0.7146 -0.6920
vn 0.3293 -0.7526 0.5703
vn 0.1921 -0.9233 0.3327
vn 0.2341 -0.9231 0.3050
vn 0.1979 0.4924 -0.8476
vn 0.0762 0.2803 -0.9569
vn 0.8148 0.4409 -0.3765
vn 0.7624 0.4310 -0.4827
vn 0.7921 0.5633 -0.2353
vn -0.4917 0.1760 0.8528
vn -0.4419 0.3566 0.8231
vn -0.7922 0.6026 -0.0963
vn -0.7505 0.5957 0.2862
vn -0.8607 0.4673 0.2023
vn -0.0000 0.2406 -0.9706
vn 0.2567 0.1279 -0.9580
vn -0.6863 0.2409 0.6863
vn -0.6349 0.4414 0.6341
vn -0.7770 0.4422 0.4481
vn -0.7933 0.0157 0.6087
vn -0.8589 0.1279 0.4959
vn -0.5668 -0.7561 -0.3272
vn -0.3292 -0.9249 -0.1901
vn -0.3510 -0.9250 -0.1454
vn -0.2691 -0.9247 -0.2691
vn -0.4631 -0.7557 -0.4631
vn -0.3989 -0.7554 -0.5198
vn 0.5713 -0.7516 -0.3298
vn 0.3337 -0.9228 -0.1926
vn 0.3055 -0.9229 -0.2344
vn 0.3724 -0.9227 -0.0998
vn 0.6374 -0.7513 -0.1708
vn 0.6543 -0.7513 -0.0861
vn -0.9220 0.2410 -0.3030
vn -0.9626 0.2647 -0.0586
vn -0.9251 0.3740 -0.0659
vn -0.5002 -0.0126 -0.8658
vn -0.7089 -0.0084 -0.7053
vn -0.6669 0.1634 -0.7271
vn 0.1363 0.4472 0.8840
vn 0.1053 0.6929 0.7133
vn 0.1972 0.6964 0.6901
vn 0.1547 0.2381 0.9588
vn 0.6501 0.4934 -0.5779
vn 0.4727 0.5666 -0.6749
vn 0.0328 0.3897 -0.9204
vn 0.2562 0.4914 -0.8324
vn 0.2741 0.4179 -0.8662
vn -0.0105 -0.9293 -0.3691
vn -0.0137 -0.9916 -0.1286
vn 0.1126 -0.9859 -0.1239
vn 0.4748 -0.8750 -0.0947
vn 0.4642 -0.8176 -0.3407
vn 0.3387 -0.8167 -0.4671
vn -0.4488 0.8294 -0.3327
vn 0.7070 0.0158 -0.7070
vn 0.8479 -0.2033 -0.4896
vn -0.5655 -0.4061 0.7179
vn -0.2338 -0.0534 0.9708
vn 0.8108 0.5854 0.0000
vn 0.8106 0.5318 -0.2451
vn 0.7159 0.6982 0.0000
vn 0.5493 0.6888 -0.4732
vn 0.6532 0.5898 -0.4749
vn 0.1663 0.5242 0.8352
vn 0.4533 0.4710 0.7568
vn 0.5756 0.5519 0.6033
vn 0.5656 -0.8074 0.1680
vn 0.5869 -0.8054 -0.0827
vn 0.7746 -0.6034 -0.1894
vn 0.7655 -0.6156 0.1873
vn -0.3415 -0.6560 0.6731
vn -0.2931 -0.4593 0.8386
vn -0.7808 -0.6139 0.1160
vn -0.7413 -0.5745 0.3470
vn -0.6315 -0.6918 0.3501
vn -0.3989 -0.7554 0.5198
vn -0.5668 -0.7561 0.3272
vn -0.3292 -0.9249 0.1901
vn -0.3017 -0.9249 0.2315
vn 0.2519 -0.7529 0.6081
vn 0.0000 -0.7538 0.6570
vn 0.0001 -0.9239 0.3827
vn 0.0500 -0.9237 0.3797
vn 0.5713 -0.7516 0.3298
vn 0.3337 -0.9228 0.1926
vn 0.3561 -0.9227 0.1475
vn 0.6543 -0.7513 0.0861
vn -0.6057 0.5757 -0.5493
vn -0.3628 0.5519 -0.7508
vn -0.4145 0.5712 -0.7085
vn 0.4977 -0.2622 -0.8268
vn -0.0298 0.0982 -0.9947
vn -0.8647 0.3851 -0.3225
vn -0.9003 0.3817 -0.2090
vn -0.7501 0.3945 -0.5308
vn 0.8744 0.4762 0.0926
vn 0.8790 0.4532 -0.1484
vn 0.9398 0.3414 -0.0135
vn 0.5409 0.0176 -0.8409
vn 0.8048 0.4142 0.4251
vn 0.8475 0.4283 0.3137
vn 0.6690 0.7245 0.1659
vn 0.8083 0.5565 0.1926
vn 0.7803 0.5499 0.2979
vn -0.9696 -0.2380 -0.0561
vn -0.8392 -0.3426 0.4224
vn 0.3442 0.5003 -0.7945
vn 0.2568 0.5421 -0.8001
vn 0.2116 0.4331 -0.8762
vn -0.6352 0.5571 -0.5349
vn -0.7222 0.6195 -0.3076
vn -0.6586 0.6895 -0.3012
vn -0.6963 0.5746 0.4302
vn -0.6267 0.4366 0.6454
vn -0.4589 0.5917 0.6628
vn -0.5564 0.0812 0.8269
vn -0.7479 0.1118 0.6543
vn -0.7445 -0.0575 0.6652
vn -0.5568 0.0170 0.8305
vn -0.1828 0.1614 0.9698
vn -0.2115 0.8239 0.5257
vn -0.2700 0.6852 0.6765
vn -0.3562 0.6850 0.6355
vn -0.2319 0.1492 0.9612
vn 0.0000 -0.7539 -0.6570
vn 0.0001 -0.9239 -0.3827
vn -0.0498 -0.9241 -0.3790
vn 0.0993 -0.9236 -0.3704
vn 0.1703 -0.7532 -0.6354
vn 0.2519 -0.7529 -0.6081
vn -0.2538 0.1961 0.9472
vn -0.0915 -0.0154 0.9957
vn -0.1402 -0.0266 0.9898
vn -0.2588 0.3460 0.9018
vn -0.6921 -0.0680 -0.7186
vn -0.5996 -0.0210 -0.8000
vn -0.5909 0.0541 -0.8049
vn -0.3346 0.1390 -0.9320
vn 0.1696 -0.0160 -0.9854
vn -0.0225 0.0120 -0.9997
vn -0.5039 -0.2304 -0.8325
vn -0.2717 -0.0680 -0.9600
vn 0.9707 0.2403 0.0000
vn 0.9386 0.3451 0.0000
vn 0.9066 0.3451 -0.2430
vn -0.1773 0.4814 0.8584
vn -0.5350 0.5677 0.6256
vn -0.5813 0.5751 0.5757
vn -0.3395 0.8249 0.4520
vn -0.4359 0.6852 0.5834
vn -0.2510 -0.7549 -0.6060
vn -0.0857 -0.7542 -0.6510
vn 0.6592 0.7278 -0.1889
vn 0.6494 0.5481 -0.5271
vn 0.5402 0.7237 -0.4294
vn 0.4811 0.7214 -0.4981
vn 0.6440 0.7221 0.2526
vn -0.8088 -0.2684 -0.5232
vn 0.3053 0.5056 -0.8070
vn 0.2559 0.7124 -0.6535
vn 0.1685 0.7093 -0.6845
vn -0.1489 0.4519 -0.8796
vn -0.1100 0.7008 -0.7049
vn -0.2023 0.6987 -0.6863
vn 0.5429 0.5065 0.6698
vn 0.4401 0.7081 0.5522
vn 0.5057 0.7121 0.4870
vn -0.6863 -0.0526 -0.7255
vn -0.5766 -0.1013 -0.8107
vn -0.5962 0.1503 -0.7886
vn -0.7454 -0.3670 -0.5564
vn -0.8017 -0.2383 -0.5482
vn -0.2733 -0.9531 -0.1299
vn -0.3892 -0.8464 -0.3635
vn -0.6340 -0.6874 -0.3544
vn -0.5726 -0.5892 -0.5701
vn -0.6673 -0.4868 -0.5638
vn -0.9658 0.0157 0.2588
vn -0.9238 0.0157 0.3826
vn -0.2512 0.2407 -0.9375
vn -0.4853 0.2408 -0.8405
vn -0.6863 0.2409 -0.6863
vn 0.3521 -0.3039 0.8853
vn 0.5897 -0.4914 0.6409
vn 0.5626 -0.6340 0.5305
vn -0.7207 0.6931 0.0148
vn -0.6996 0.6940 -0.1700
vn -0.7161 0.6936 -0.0783
vn -0.8993 -0.0291 -0.4363
vn -0.9466 -0.0456 -0.3192
vn -0.9484 -0.0896 -0.3040
vn -0.8929 -0.1800 -0.4128
vn -0.9324 -0.2059 -0.2971
vn -0.6525 -0.3837 -0.6535
vn -0.7154 -0.1725 -0.6770
vn -0.3212 0.9432 0.0848
vn -0.3806 0.9107 0.1605
vn 0.6923 -0.2033 -0.6923
vn -0.8902 0.3730 0.2616
vn -0.7943 0.3724 0.4801
vn -0.8495 0.3722 0.3739
vn 0.4879 0.6751 0.5533
vn 0.5582 0.8044 0.2036
vn 0.5526 0.8159 -0.1702
vn -0.6485 -0.7564 -0.0854
vn -0.3669 -0.9251 -0.0983
vn -0.6319 -0.7563 -0.1693
vn -0.6045 -0.7562 -0.2504
vn -0.6045 -0.7562 0.2504
vn -0.3669 -0.9251 0.0983
vn -0.6319 -0.7563 0.1693
vn -0.6485 -0.7564 0.0854
vn -0.0857 -0.7542 0.6510
vn -0.0988 -0.9242 0.3689
vn -0.1699 -0.7545 0.6339
vn -0.2510 -0.7549 0.6060
vn 0.2721 -0.9230 -0.2721
vn 0.4661 -0.7520 -0.4661
vn 0.5231 -0.7518 -0.4014
vn 0.4011 -0.7523 -0.5227
vn 0.5231 -0.7518 0.4014
vn 0.2721 -0.9230 0.2721
vn 0.4661 -0.7520 0.4661
vn 0.4011 -0.7523 0.5227
vn 0.8268 -0.1813 0.5325
vn 0.9250 -0.2263 0.3053
vn 0.8397 -0.3331 0.4290
vn 0.8861 -0.1427 -0.4411
vn 0.9768 -0.0310 -0.2120
vn 0.9522 0.1909 -0.2383
vn -0.6649 -0.4909 0.5630
vn -0.4895 -0.2801 0.8258
vn -0.4282 -0.3544 0.8313
vn -0.5696 -0.5942 0.5679
vn 0.6635 0.5192 0.5387
vn 0.6532 0.5898 0.4749
vn -0.1660 0.9426 -0.2898
vn -0.2875 0.8289 -0.4798
vn -0.2221 0.8291 -0.5132
vn -0.5840 0.4084 -0.7015
vn -0.4528 0.6949 -0.5587
vn -0.5439 0.3552 -0.7603
vn -0.9456 -0.2042 -0.2534
vn -0.8478 -0.2042 -0.4895
vn -0.2534 -0.2039 -0.9456
vn -0.0000 -0.2037 -0.9790
vn -0.9635 -0.1504 -0.2213
vn -0.8898 -0.1302 -0.4374
vn -0.9635 -0.1507 0.2212
vn -0.9817 -0.1547 0.1108
vn 0.7056 0.4958 -0.5062
vn 0.8605 0.4340 -0.2668
vn 0.7821 0.3813 -0.4929
vn 0.9167 0.3098 -0.2525
vn 0.2495 0.4624 0.8509
vn 0.2846 0.7001 0.6549
vn -0.3574 0.1231 0.9258
vn -0.2780 0.8243 0.4931
vn -0.1292 -0.7986 -0.5879
vn 0.1086 -0.8704 -0.4803
vn -0.2691 -0.9247 0.2691
vn -0.4631 -0.7557 0.4631
vn -0.5194 -0.7559 0.3985
vn -0.6333 -0.6024 0.4859
vn -0.5645 -0.6021 0.5645
vn -0.5194 -0.7559 -0.3985
vn -0.6911 -0.6026 -0.3990
vn 0.0993 -0.9236 0.3704
vn 0.1703 -0.7532 0.6354
vn 0.0858 -0.7535 0.6518
vn 0.1044 -0.5997 0.7934
vn 0.2072 -0.5994 0.7732
vn 0.3724 -0.9227 0.0998
vn 0.6374 -0.7513 0.1708
vn 0.6096 -0.7515 0.2525
vn 0.7409 -0.5974 0.3069
vn 0.7747 -0.5973 0.2076
vn 0.6096 -0.7515 -0.2525
vn 0.6944 -0.5976 -0.4009
vn 0.4853 0.2405 -0.8406
vn 0.2512 0.2406 -0.9376
vn -0.8146 -0.5784 0.0438
vn -0.8652 -0.5000 0.0370
vn -0.8643 0.0009 -0.5029
vn -0.7169 -0.0916 -0.6911
vn -0.5157 -0.1283 -0.8471
vn 0.4204 -0.7075 -0.5680
vn 0.6708 -0.7197 0.1790
vn 0.6912 -0.7191 -0.0718
vn 0.2366 -0.9646 -0.1164
vn 0.3575 -0.9278 -0.1063
vn -0.9375 0.2410 0.2512
vn -0.8405 0.2410 0.4852
vn 0.7397 0.6267 -0.2449
vn 0.3566 0.9222 -0.1495
vn 0.2906 0.9537 -0.0770
vn 0.2639 0.9527 -0.1510
vn 0.5204 0.8415 -0.1453
vn 0.5349 0.8415 -0.0763
vn 0.3088 0.9206 -0.2390
vn 0.2198 0.9509 -0.2178
vn 0.4665 0.8404 -0.2757
vn 0.4976 0.8411 -0.2121
vn 0.3815 0.9229 -0.0521
vn 0.2998 0.9540 0.0005
vn 0.5406 0.8412 -0.0060
vn 0.5378 0.8406 0.0646
vn -0.6736 -0.1699 -0.7193
vn -0.7475 -0.2224 -0.6260
vn -0.8358 -0.4578 -0.3030
vn -0.8041 -0.4216 -0.4191
vn -0.8574 -0.3070 -0.4131
vn 0.2396 0.9183 -0.3150
vn 0.1593 0.9488 -0.2728
vn 0.3814 0.8384 -0.3894
vn 0.4277 0.8395 -0.3352
vn 0.3063 -0.0778 -0.9487
vn 0.1520 0.9158 -0.3717
vn 0.0850 0.9466 -0.3111
vn 0.2692 0.8358 -0.4785
vn 0.3284 0.8371 -0.4375
vn 0.3830 0.9225 0.0483
vn 0.2912 0.9534 0.0782
vn 0.5262 0.8397 0.1344
vn 0.5060 0.8385 0.2025
vn 0.1366 0.8331 -0.5360
vn 0.2050 0.8344 -0.5116
vn 0.0510 0.9134 -0.4038
vn 0.0015 0.9446 -0.3281
vn -0.6704 0.0416 -0.7408
vn -0.5682 0.0717 -0.8198
vn -0.5432 0.1419 -0.8275
vn -0.6890 0.0178 -0.7246
vn -0.7431 -0.5709 -0.3491
vn -0.5368 -0.8344 -0.1250
vn 0.3607 0.9211 0.1469
vn 0.2649 0.9521 0.1529
vn 0.4772 0.8370 0.2678
vn 0.4402 0.8353 0.3292
vn 0.5252 0.4032 0.7494
vn -0.8478 -0.2042 0.4895
vn -0.0561 0.9116 -0.4071
vn -0.0846 0.9433 -0.3211
vn -0.0076 0.8309 -0.5564
vn 0.0653 0.8319 -0.5511
vn -0.8144 0.3894 -0.4304
vn -0.6323 0.6942 -0.3438
vn -0.6716 0.6941 -0.2590
vn -0.5188 0.8299 -0.2052
vn -0.0000 -0.2037 0.9790
vn 0.3148 0.9188 0.2383
vn 0.2206 0.9501 0.2204
vn 0.3954 0.8336 0.3857
vn 0.3434 0.8317 0.4363
vn -0.1607 0.9106 -0.3807
vn -0.1527 0.8294 -0.5373
vn -0.0808 0.8300 -0.5519
vn 0.8479 -0.2033 0.4896
vn 0.6784 0.3762 0.6311
vn 0.6205 0.5196 0.5874
vn 0.4999 0.3266 0.8021
vn 0.0061 0.8247 0.5656
vn -0.0004 0.9438 0.3305
vn 0.0565 0.9107 0.4092
vn 0.1518 0.8268 0.5416
vn 0.0799 0.8255 0.5587
vn 0.6831 0.7095 -0.1730
vn 0.6166 0.6739 -0.4070
vn -0.9419 0.2769 0.1904
vn -0.8808 0.1827 0.4369
vn -0.7893 0.4432 0.4250
vn -0.8918 0.0835 0.4446
vn -0.2702 -0.8951 0.3547
vn 0.0568 -0.8736 0.4833
vn 0.0993 -0.9871 0.1253
vn -0.0176 -0.9998 -0.0047
vn 0.2464 0.9160 0.3167
vn 0.2847 0.8300 0.4797
vn 0.2206 0.8283 0.5151
vn -0.4851 0.4174 -0.7684
vn -0.6484 0.1190 -0.7519
vn -0.9986 0.0336 0.0404
vn -0.9960 -0.0728 0.0519
vn -0.9261 0.3764 0.0267
vn -0.9209 0.3788 -0.0920
vn -0.9270 -0.2997 -0.2257
vn -0.8772 -0.4663 0.1148
vn 0.9066 0.3451 0.2430
vn -0.0313 0.4652 -0.8847
vn -0.1800 0.2225 -0.9582
vn -0.2080 0.1749 -0.9624
vn -0.3765 -0.9251 -0.0496
vn -0.3510 -0.9250 0.1454
vn -0.3017 -0.9249 -0.2315
vn -0.2318 -0.9246 0.3022
vn -0.1699 -0.7545 -0.6339
vn -0.0988 -0.9242 -0.3689
vn -0.1460 -0.9244 -0.3525
vn -0.0498 -0.9241 0.3790
vn 0.1469 -0.9234 0.3546
vn 0.2341 -0.9231 -0.3050
vn 0.0500 -0.9237 -0.3797
vn 0.3055 -0.9229 0.2344
vn 0.3561 -0.9227 -0.1475
vn 0.3823 -0.9227 0.0503
vn 0.7837 0.5198 -0.3401
vn 0.8317 0.4352 -0.3448
vn 0.5232 0.6717 -0.5245
vn 0.4527 0.7192 -0.5271
vn 0.4971 0.4901 -0.7160
vn 0.5797 0.4062 -0.7064
vn 0.7174 -0.2703 0.6420
vn 0.6500 -0.5369 0.5377
vn 0.7780 -0.4577 0.4304
vn -0.1009 0.4191 0.9023
vn 0.0188 0.4327 0.9013
vn 0.0107 0.6901 0.7236
vn -0.7910 -0.6029 0.1041
vn -0.7706 -0.6029 0.2065
vn -0.7978 -0.6030 0.0000
vn -0.4862 -0.6019 -0.6336
vn -0.5645 -0.6021 -0.5645
vn -0.3994 -0.6015 -0.6918
vn -0.3058 -0.6012 0.7383
vn -0.2069 -0.6009 0.7721
vn -0.3994 -0.6015 0.6918
vn 0.8762 0.4390 0.1989
vn 0.4005 -0.5987 -0.6937
vn 0.3064 -0.5990 -0.7398
vn 0.2072 -0.5994 -0.7732
vn 0.4005 -0.5987 0.6937
vn 0.4878 -0.5983 0.6357
vn 0.5667 -0.5981 0.5667
vn 0.8021 -0.5972 -0.0000
vn 0.7952 -0.5972 -0.1047
vn 0.7747 -0.5973 -0.2076
vn -0.1815 0.2553 0.9497
vn 0.1596 0.7187 0.6768
vn -0.3644 0.1343 -0.9215
vn -0.4821 0.0932 -0.8712
vn -0.4962 0.0297 -0.8677
vn 0.2896 0.5222 0.8021
vn -0.3999 -0.8858 0.2353
vn -0.3776 -0.7998 0.4666
vn -0.2332 0.4395 -0.8675
vn -0.2181 0.5670 -0.7943
vn 0.7701 0.2404 0.5909
vn 0.1887 0.9820 0.0020
vn -0.9405 0.0546 -0.3353
vn -0.8892 0.0666 -0.4525
vn -0.2200 0.4070 0.8865
vn -0.3362 0.3965 0.8542
vn -0.4253 -0.2520 0.8692
vn -0.7658 -0.0866 0.6372
vn -0.6947 0.0441 0.7179
vn -0.7441 -0.3698 0.5564
vn -0.8968 -0.2874 0.3363
vn -0.4880 0.8297 -0.2711
vn -0.2883 0.9427 -0.1676
vn -0.3819 0.9111 -0.1548
vn -0.8466 -0.4987 0.1856
vn -0.6764 -0.3710 0.6362
vn -0.7598 0.2017 0.6181
vn -0.7444 0.4481 0.4951
vn -0.9329 -0.1431 0.3304
vn -0.1682 0.9423 0.2893
vn -0.1575 0.9086 0.3867
vn -0.8553 -0.2662 -0.4446
vn 0.8799 0.4505 -0.1512
vn -0.4178 0.3736 0.8282
vn -0.9622 0.2410 0.1267
vn -0.9375 0.3479 -0.0000
vn 0.9624 0.2403 -0.1267
vn -0.8405 0.2410 -0.4852
vn -0.7933 0.0157 -0.6087
vn -0.2069 -0.6009 -0.7721
vn 0.7717 0.5224 -0.3627
vn 0.0858 -0.7535 -0.6518
vn -0.9158 0.3744 0.1452
vn -0.1959 0.4226 -0.8849
vn 0.4049 0.7832 0.4719
vn 0.3206 0.8211 0.4722
vn 0.2919 0.9564 0.0015
vn -0.2543 0.9104 -0.3264
vn -0.2356 0.9425 -0.2371
vn -0.1179 0.1619 -0.9797
vn -0.0760 -0.0203 -0.9969
vn 0.9084 -0.0824 0.4100
vn 0.4783 0.2524 0.8411
vn 0.7717 0.5224 0.3627
vn -0.0051 0.5628 0.8266
vn -0.0619 0.4785 0.8759
vn -0.5573 -0.3582 -0.7491
vn 0.1937 -0.0891 0.9770
vn 0.2260 -0.4271 0.8755
vn 0.6945 0.5846 0.4195
vn 0.7500 0.6380 -0.1744
vn 0.7561 0.6274 0.1865
vn 0.8111 0.5552 0.1842
vn -0.9049 -0.0691 -0.4199
vn -0.8468 -0.0443 -0.5300
vn 0.9221 -0.3821 -0.0603
vn 0.8335 -0.3470 -0.4300
vn 0.9657 -0.2527 0.0596
vn 0.9692 -0.1431 -0.2005
vn -0.4830 0.8275 0.2863
vn -0.2891 0.9429 0.1655
vn -0.3277 0.9098 0.2546
vn -0.6643 0.6898 0.2877
vn -0.5151 0.8282 0.2207
vn 0.6086 -0.6739 0.4188
vn 0.5082 -0.7581 0.4086
vn 0.4537 -0.8774 0.1559
vn -0.3946 0.8257 0.4031
vn -0.2371 0.9425 0.2355
vn -0.2518 0.9090 0.3322
vn -0.5774 0.6214 -0.5296
vn -0.6288 0.7761 -0.0469
vn -0.6270 0.7520 0.2031
vn -0.5568 0.8031 0.2120
vn -0.4676 -0.6709 -0.5755
vn -0.4833 -0.4427 -0.7552
vn -0.3575 -0.7317 -0.5804
vn -0.6652 0.5833 0.4662
vn -0.6050 0.4338 0.6677
vn -0.9658 0.0157 -0.2588
vn -0.8659 0.0157 0.4999
vn -0.7070 0.0158 -0.7070
vn -0.4999 0.0158 0.8659
vn -0.2588 0.0158 -0.9658
vn -0.3826 0.0158 -0.9238
vn -0.0000 0.0158 0.9999
vn 0.1305 0.0158 -0.9913
vn -0.9580 -0.2253 -0.1777
vn -0.4469 0.3880 0.8061
vn -0.5500 0.3813 0.7430
vn 0.5587 0.6207 0.5501
vn -0.6947 0.6912 0.1992
vn 0.7089 0.5550 -0.4352
vn 0.6971 0.4178 -0.5827
vn -0.8509 0.0411 0.5238
vn -0.6879 0.0634 0.7230
vn -0.7761 0.0505 0.6285
vn -0.6041 -0.6494 0.4619
vn -0.7076 -0.5384 0.4577
vn 0.4055 0.5181 -0.7531
vn 0.3187 0.3351 -0.8867
vn 0.3685 0.6397 -0.6745
vn -0.9067 0.3793 0.1844
vn -0.8110 0.5554 0.1837
vn -0.2035 0.9455 -0.2541
vn -0.1062 0.8685 -0.4842
vn -0.2580 0.8290 -0.4962
vn -0.3719 0.8886 -0.2686
vn -0.4557 0.7247 -0.5169
vn 0.6609 -0.3855 0.6439
vn 0.6379 -0.2304 0.7348
vn 0.5854 -0.3382 0.7369
vn -0.4768 0.0999 0.8733
vn -0.5876 0.0799 0.8052
vn 0.6255 0.7413 -0.2434
vn 0.6510 0.7591 0.0000
vn -0.9448 -0.3073 -0.1133
vn -0.9508 -0.3099 -0.0002
vn -0.9878 -0.1559 -0.0001
vn -0.9817 -0.1546 -0.1109
vn -0.9759 -0.0154 -0.2177
vn -0.1507 -0.9594 0.2382
vn -0.1456 -0.9893 -0.0074
vn -0.4018 0.8292 -0.3886
vn -0.3478 0.8290 -0.4381
vn -0.3296 0.9107 -0.2490
vn -0.5615 -0.1896 -0.8055
vn -0.5579 0.8299 0.0080
vn -0.4079 0.9113 0.0565
vn 0.6126 0.5002 -0.6120
vn 0.3378 -0.9301 0.1441
vn 0.3482 0.5943 -0.7250
vn -0.4049 0.2331 -0.8842
vn -0.3369 0.3297 -0.8819
vn -0.5514 0.3971 -0.7336
vn 0.2778 0.2687 0.9223
vn 0.3935 0.2984 0.8695
vn 0.7803 0.5753 0.2453
vn 0.6883 0.6831 0.2442
vn -0.9966 -0.0807 -0.0161
vn -0.9616 0.0152 -0.2741
vn -0.9492 -0.2054 -0.2385
vn -0.7898 -0.5833 -0.1898
vn -0.5540 0.8300 -0.0645
vn 0.0615 0.8773 -0.4760
vn -0.0167 0.9694 -0.2451
vn 0.1801 0.9535 -0.2416
vn 0.4992 0.4827 0.7196
vn 0.8867 0.0553 -0.4589
vn 0.6130 -0.4477 -0.6510
vn -0.2820 -0.0502 0.9581
vn 0.0206 0.2609 -0.9651
vn -0.5138 -0.7791 -0.3591
vn -0.7505 0.5957 -0.2862
vn -0.9230 0.3847 -0.0000
vn 0.6193 0.4015 -0.6748
vn 0.6329 0.5446 0.5504
vn 0.7625 0.4687 0.4459
vn -0.5360 -0.8363 0.1156
vn -0.5120 -0.7836 0.3518
vn -0.6179 -0.2606 -0.7418
vn -0.7368 -0.2017 -0.6453
vn 0.2829 0.4419 0.8513
vn -0.0469 0.5328 -0.8449
vn 0.7016 0.1764 0.6904
vn 0.8424 0.2592 0.4724
vn 0.8582 0.1564 0.4890
vn 0.9905 -0.1286 0.0488
vn -0.9073 -0.3763 0.1877
vn -0.8794 -0.3638 0.3070
vn -0.8209 -0.4822 0.3060
vn -0.9519 -0.2423 0.1874
vn -0.3848 0.7971 0.4654
vn -0.5241 0.7228 0.4504
vn -0.5860 0.6786 0.4428
vn -0.8786 -0.1190 0.4624
vn -0.7258 -0.1434 0.6728
vn -0.8536 -0.2186 0.4728
vn -0.8162 -0.3141 0.4850
vn -0.5110 -0.0717 -0.8566
vn 0.5060 0.7410 0.4415
vn 0.5729 0.7530 0.3235
vn -0.9855 0.0314 0.1669
vn -0.9176 0.3836 -0.1040
vn -0.9676 -0.2437 0.0661
vn -0.9907 -0.1218 0.0612
vn -0.7716 -0.4595 -0.4399
vn -0.8107 -0.3811 -0.4445
vn -0.8609 -0.1984 -0.4685
vn -0.1267 0.2407 0.9623
vn -0.7857 0.3067 -0.5373
vn -0.5950 0.3262 -0.7345
vn 0.1600 -0.0954 -0.9825
vn -0.2545 -0.8401 -0.4791
vn -0.8642 -0.4995 -0.0604
vn -0.7606 -0.3760 -0.5292
vn 0.5869 0.7554 -0.2914
vn -0.8892 -0.3745 0.2627
vn -0.7694 -0.3999 0.4981
vn -0.8405 -0.4669 0.2749
vn 0.5703 -0.7523 -0.3299
vn 0.6389 -0.6318 -0.4389
vn -0.5881 -0.1115 -0.8011
vn -0.9989 0.0341 -0.0322
vn -0.9758 0.0571 0.2113
vn -0.4917 -0.7365 0.4645
vn 0.5953 0.3527 0.7220
vn 0.2759 0.9298 0.2436
vn 0.2315 0.8500 0.4732
vn 0.1397 0.8689 0.4749
vn 0.1678 0.5232 -0.8355
vn 0.2196 -0.9664 0.1337
vn -0.8549 -0.2675 0.4445
vn 0.7185 -0.5448 -0.4325
vn -0.8329 0.3704 0.4111
vn 0.0274 -0.2561 0.9662
vn 0.6965 0.2131 -0.6852
vn 0.7263 0.1204 -0.6768
vn 0.1160 -0.1931 0.9743
vn 0.7572 -0.1526 0.6351
vn 0.7808 -0.0386 0.6236
vn -0.6977 0.7142 -0.0553
vn 0.6676 -0.6722 -0.3202
vn -0.8223 0.2069 -0.5302
vn -0.2904 0.1860 0.9386
vn -0.6902 0.3292 0.6445
vn -0.1353 0.8681 0.4776
vn -0.3065 0.8269 0.4714
vn -0.0021 0.1328 -0.9911
vn -0.6849 -0.3215 0.6539
vn 0.5592 0.5102 0.6535
vn 0.6970 0.4537 0.5553
vn -0.6945 -0.2263 0.6830
vn 0.2896 0.5222 -0.8021
vn 0.8115 0.3636 0.4573
vn 0.0473 0.8778 0.4766
vn -0.6903 0.4831 -0.5386
vn -0.7541 0.6292 0.1882
vn -0.6928 0.6943 0.1949
vn -0.2145 -0.9763 -0.0282
vn -0.2163 -0.9763 0.0000
vn -0.2090 -0.9763 -0.0560
vn -0.2145 -0.9763 0.0282
vn -0.2000 -0.9763 -0.0829
vn -0.2090 -0.9763 0.0560
vn -0.1875 -0.9763 -0.1083
vn -0.2000 -0.9763 0.0829
vn -0.1719 -0.9762 -0.1320
vn -0.1875 -0.9763 0.1083
vn -0.1533 -0.9762 -0.1534
vn -0.1719 -0.9762 0.1320
vn -0.1321 -0.9761 -0.1723
vn -0.1533 -0.9762 0.1534
vn -0.1086 -0.9761 -0.1883
vn -0.1321 -0.9761 0.1723
vn -0.0832 -0.9760 -0.2011
vn -0.1086 -0.9761 0.1883
vn 0.3188 -0.9094 0.2672
vn -0.0563 -0.9760 -0.2105
vn -0.0832 -0.9760 0.2011
vn -0.0284 -0.9759 -0.2163
vn -0.0563 -0.9760 0.2105
vn 0.0001 -0.9758 -0.2184
vn -0.0284 -0.9759 0.2163
vn 0.0286 -0.9758 -0.2169
vn -0.0479 -0.8776 0.4769
vn 0.0001 -0.9758 0.2184
vn 0.0568 -0.9757 -0.2115
vn 0.0286 -0.9758 0.2169
vn 0.0840 -0.9757 -0.2026
vn 0.0568 -0.9757 0.2115
vn 0.1098 -0.9756 -0.1901
vn 0.0840 -0.9757 0.2026
vn 0.1339 -0.9755 -0.1743
vn 0.1098 -0.9756 0.1901
vn 0.1556 -0.9755 -0.1555
vn 0.1339 -0.9755 0.1743
vn 0.3740 0.8951 0.2428
vn 0.4666 0.8506 0.2425
vn 0.1747 -0.9755 -0.1340
vn 0.1556 -0.9755 0.1555
vn 0.1909 -0.9754 -0.1101
vn 0.1747 -0.9755 0.1340
vn 0.2037 -0.9754 -0.0843
vn 0.1909 -0.9754 0.1101
vn 0.2131 -0.9754 -0.0571
vn 0.2037 -0.9754 0.0843
vn 0.2188 -0.9754 -0.0288
vn 0.2131 -0.9754 0.0571
vn 0.2206 -0.9754 0.0000
vn 0.2187 -0.9754 0.0288
# 1194 vertex normals

o Sphere001
g Sphere001
s off
f 1//1 2//2 3//3 
f 4//4 5//5 6//6 
f 7//7 8//8 9//9 
f 10//10 11//11 12//12 
f 13//13 14//14 15//15 
f 16//16 17//17 18//18 
f 19//19 20//20 21//21 
f 22//22 23//23 24//24 
f 25//25 26//26 27//27 
f 28//28 29//29 30//30 
f 31//31 32//32 33//33 
f 34//34 35//35 36//36 
f 37//37 38//38 20//20 
f 39//39 40//40 41//41 
f 42//42 43//43 44//44 
f 29//45 45//46 46//47 
f 47//48 48//49 49//50 
f 50//51 51//52 52//53 
f 53//54 54//55 55//56 
f 56//57 57//58 58//59 
f 59//60 60//61 61//62 
f 62//63 63//64 64//65 
f 65//66 66//67 67//68 
f 68//69 69//70 70//71 
f 71//72 72//73 73//74 
f 74//75 75//76 76//77 
f 77//78 78//79 79//80 
f 80//81 81//82 82//83 
f 83//84 84//85 85//86 
f 86//87 87//88 88//89 
f 89//90 90//91 91//92 
f 92//93 93//94 94//95 
f 95//96 96//97 97//98 
f 98//99 99//100 100//101 
f 101//102 102//103 103//104 
f 104//105 105//106 106//107 
f 107//108 108//109 109//110 
f 35//35 110//111 111//112 
f 112//113 113//114 114//115 
f 115//116 116//117 117//118 
f 118//119 119//120 120//121 
f 121//122 122//123 123//124 
f 124//125 125//126 126//127 
f 127//128 128//129 74//75 
f 129//130 130//131 131//132 
f 132//133 133//134 134//135 
f 3//3 135//136 136//137 
f 137//138 138//139 139//140 
f 140//141 141//142 142//143 
f 143//144 144//145 145//146 
f 146//147 147//148 148//149 
f 149//150 150//151 151//152 
f 78//79 152//153 153//154 
f 154//155 155//156 156//157 
f 157//158 158//159 159//160 
f 160//161 161//162 162//163 
f 163//164 107//108 164//165 
f 155//156 165//166 166//167 
f 167//168 168//169 169//170 
f 170//171 171//172 172//173 
f 173//174 174//175 175//176 
f 176//177 177//178 178//179 
f 179//180 180//181 181//182 
f 182//183 183//184 184//185 
f 185//186 186//187 187//188 
f 113//114 188//189 189//190 
f 119//120 190//191 191//192 
f 192//193 193//194 194//195 
f 195//196 196//197 197//198 
f 198//199 199//200 200//201 
f 201//202 118//119 202//203 
f 203//204 204//205 205//206 
f 206//207 207//208 208//209 
f 60//61 209//210 210//211 
f 211//212 212//213 213//214 
f 106//107 214//215 104//105 
f 215//216 216//217 217//218 
f 218//219 159//220 158//221 
f 52//53 219//222 50//51 
f 220//223 221//224 222//225 
f 84//85 83//84 223//226 
f 32//32 31//31 224//227 
f 225//228 226//229 227//230 
f 228//231 229//232 230//233 
f 231//234 232//235 233//236 
f 234//237 235//238 236//239 
f 217//218 237//240 215//216 
f 238//241 239//242 240//243 
f 241//244 242//245 71//72 
f 243//246 244//247 245//248 
f 246//249 247//250 248//251 
f 249//252 250//253 251//254 
f 252//255 253//256 254//257 
f 255//258 68//69 256//259 
f 257//260 258//261 259//262 
f 260//263 261//264 262//265 
f 263//266 264//267 265//268 
f 266//269 267//270 268//271 
f 269//272 270//273 271//274 
f 272//275 273//276 274//277 
f 275//278 276//279 277//280 
f 278//281 111//112 110//111 
f 279//282 280//283 281//284 
f 282//285 283//286 284//287 
f 239//242 238//241 285//288 
f 286//289 55//56 54//55 
f 287//290 288//291 289//292 
f 183//184 290//293 291//294 
f 292//295 293//296 294//297 
f 295//298 202//203 296//299 
f 297//300 47//48 49//301 
f 298//302 299//303 25//25 
f 300//304 177//178 176//177 
f 301//305 302//306 303//307 
f 204//205 203//204 304//308 
f 29//45 305//309 45//46 
f 306//310 307//311 308//312 
f 309//313 310//314 311//315 
f 151//152 312//316 313//317 
f 314//318 94//319 93//320 
f 15//15 315//321 316//322 
f 281//284 317//323 279//282 
f 318//324 169//170 319//325 
f 320//326 162//163 321//327 
f 259//262 322//328 257//260 
f 323//329 324//330 325//331 
f 326//332 327//333 328//334 
f 329//335 330//336 331//337 
f 332//338 333//339 334//340 
f 12//12 335//341 10//10 
f 336//342 337//343 338//344 
f 315//321 339//345 340//346 
f 341//347 61//62 60//61 
f 58//59 342//348 343//349 
f 222//350 344//351 220//352 
f 345//353 44//354 346//355 
f 138//139 137//138 347//356 
f 348//357 349//358 350//359 
f 351//360 352//361 353//362 
f 354//363 355//364 356//365 
f 103//104 357//366 101//102 
f 358//367 215//216 359//368 
f 360//369 361//370 362//371 
f 363//372 364//373 365//374 
f 184//185 366//375 367//376 
f 368//377 4//4 369//378 
f 370//379 371//380 372//381 
f 135//136 3//3 2//2 
f 24//24 373//382 22//22 
f 133//134 132//133 185//186 
f 327//333 374//383 328//334 
f 375//384 18//18 17//17 
f 20//20 376//385 377//386 
f 378//387 379//388 269//272 
f 380//389 381//390 382//391 
f 383//392 384//393 272//275 
f 123//124 385//394 121//122 
f 386//395 387//396 388//397 
f 30//30 29//29 389//398 
f 390//399 391//400 218//219 
f 392//401 393//402 394//403 
f 395//404 88//89 87//88 
f 396//405 397//406 398//407 
f 399//408 400//409 401//410 
f 402//411 403//412 404//413 
f 65//414 405//415 406//416 
f 333//339 407//417 334//340 
f 408//418 409//419 410//420 
f 289//292 411//421 412//422 
f 413//423 414//424 415//425 
f 416//426 417//427 418//428 
f 381//390 380//389 419//429 
f 167//168 169//170 420//430 
f 311//315 421//431 309//313 
f 422//432 423//433 424//434 
f 425//435 185//186 132//133 
f 426//436 427//437 428//438 
f 429//439 430//440 431//441 
f 432//442 433//443 434//444 
f 435//445 436//446 437//447 
f 267//270 266//269 80//81 
f 438//448 439//449 440//450 
f 270//273 269//272 379//388 
f 441//451 442//452 443//453 
f 43//43 42//42 444//454 
f 445//455 446//456 447//457 
f 273//276 272//275 384//393 
f 448//458 449//459 450//460 
f 125//126 124//125 451//461 
f 40//40 452//462 41//41 
f 453//463 454//464 315//321 
f 264//267 263//266 455//465 
f 161//162 456//466 457//467 
f 458//468 459//469 460//470 
f 461//471 224//227 31//31 
f 181//182 462//472 179//180 
f 463//473 464//474 465//475 
f 466//476 234//237 467//477 
f 468//478 469//479 470//480 
f 471//481 472//482 473//483 
f 474//484 475//485 476//486 
f 477//487 478//488 479//489 
f 480//490 481//491 482//492 
f 213//493 483//494 211//495 
f 484//496 485//497 486//498 
f 487//499 318//324 279//282 
f 488//500 8//8 489//501 
f 490//502 491//503 492//504 
f 493//505 494//506 495//507 
f 496//508 497//509 498//510 
f 499//511 175//176 174//175 
f 500//512 291//294 290//293 
f 501//513 367//376 366//375 
f 254//257 253//256 502//514 
f 503//515 67//68 66//67 
f 504//516 505//517 506//518 
f 489//501 507//519 508//520 
f 220//352 509//521 510//522 
f 418//428 511//523 416//426 
f 512//524 513//525 496//508 
f 514//526 515//527 330//336 
f 516//528 34//529 119//120 
f 517//530 518//531 519//532 
f 442//452 441//451 520//533 
f 521//534 522//535 523//536 
f 449//459 448//458 524//537 
f 525//538 526//539 527//540 
f 528//541 529//542 530//543 
f 393//402 392//401 531//544 
f 389//398 490//502 30//30 
f 532//545 533//546 534//547 
f 63//64 62//63 535//548 
f 50//51 219//222 536//549 
f 537//550 538//551 301//305 
f 173//174 539//552 122//123 
f 540//553 541//554 542//555 
f 64//65 137//138 139//556 
f 543//557 544//558 167//168 
f 545//559 546//560 547//561 
f 364//373 363//372 548//562 
f 75//76 74//75 549//563 
f 148//564 41//41 550//565 
f 550//565 41//41 551//566 
f 141//567 140//568 552//569 
f 553//570 55//571 554//572 
f 555//573 556//574 557//575 
f 557//576 375//384 374//577 
f 558//578 559//579 560//580 
f 283//286 561//581 280//283 
f 562//582 563//583 564//584 
f 565//585 566//586 567//587 
f 117//588 120//589 36//590 
f 568//591 413//423 554//572 
f 569//592 570//593 571//594 
f 388//397 572//595 386//395 
f 213//214 573//596 574//597 
f 574//597 575//598 576//599 
f 369//378 577//600 368//377 
f 84//85 578//601 579//602 
f 100//101 580//603 581//604 
f 465//475 582//605 335//341 
f 583//606 584//607 206//207 
f 400//409 399//408 585//608 
f 564//584 586//609 562//582 
f 261//264 260//263 587//610 
f 588//611 589//612 590//613 
f 547//561 591//614 545//559 
f 193//194 192//193 592//615 
f 71//72 73//74 57//58 
f 593//616 594//617 595//618 
f 596//619 597//620 598//621 
f 599//622 600//623 601//624 
f 602//625 603//626 189//627 
f 307//311 604//628 605//629 
f 606//630 431//441 607//631 
f 608//632 609//633 610//634 
f 237//240 611//635 612//636 
f 81//82 80//81 266//269 
f 224//227 461//471 613//637 
f 226//229 614//638 615//639 
f 374//383 327//333 116//117 
f 616//640 617//641 618//642 
f 352//361 351//360 619//643 
f 538//551 620//644 621//645 
f 622//646 623//647 624//648 
f 625//649 626//650 432//442 
f 436//446 195//196 627//651 
f 575//598 627//651 628//652 
f 353//362 629//653 630//654 
f 367//376 501//513 631//655 
f 631//655 25//25 299//303 
f 128//129 127//128 632//656 
f 356//365 633//657 634//658 
f 247//250 246//249 635//659 
f 636//660 637//661 144//145 
f 439//449 438//448 638//662 
f 639//663 640//664 641//665 
f 522//535 521//534 642//666 
f 643//667 644//668 645//669 
f 526//539 525//538 646//670 
f 647//671 648//672 649//673 
f 650//674 651//675 652//676 
f 423//433 422//432 653//677 
f 529//542 528//541 654//678 
f 655//679 656//680 657//681 
f 658//682 659//683 660//684 
f 63//685 90//686 89//687 
f 661//688 278//689 110//690 
f 34//529 516//528 662//691 
f 223//226 83//84 504//516 
f 510//522 663//692 664//693 
f 665//694 666//695 667//696 
f 668//697 669//698 174//175 
f 113//114 189//190 114//115 
f 532//545 670//699 533//546 
f 671//700 151//152 150//151 
f 151//152 671//700 672//701 
f 673//702 398//407 397//406 
f 398//407 673//702 674//703 
f 675//704 676//705 113//114 
f 677//706 678//707 407//417 
f 679//708 350//359 349//358 
f 680//709 681//710 682//711 
f 486//498 683//712 484//496 
f 230//233 684//713 228//231 
f 561//581 283//286 685//714 
f 584//607 583//606 686//715 
f 49//301 687//716 688//717 
f 495//507 688//717 493//505 
f 689//718 690//719 691//720 
f 79//80 692//721 693//722 
f 469//479 468//478 694//723 
f 2//2 1//1 695//724 
f 696//725 697//726 698//727 
f 156//157 699//728 700//729 
f 701//730 702//731 703//732 
f 164//165 704//733 705//734 
f 475//485 474//484 706//735 
f 88//89 395//404 707//736 
f 294//297 708//737 709//738 
f 708//737 294//297 293//296 
f 197//198 251//739 710//740 
f 254//257 502//514 16//16 
f 483//741 711//742 628//652 
f 628//652 576//743 575//598 
f 248//251 247//250 279//282 
f 319//325 279//282 318//324 
f 359//368 101//102 357//366 
f 615//639 227//230 226//229 
f 198//199 47//744 199//200 
f 712//745 713//746 513//525 
f 202//203 295//298 201//202 
f 297//300 714//747 715//748 
f 716//749 12//12 11//11 
f 465//475 717//750 463//473 
f 508//751 506//518 505//517 
f 9//9 8//8 488//500 
f 718//752 719//753 720//754 
f 719//753 721//755 722//756 
f 723//757 720//754 724//758 
f 720//754 725//759 726//760 
f 727//761 728//762 719//753 
f 728//762 729//763 730//764 
f 731//765 732//766 437//447 
f 733//767 734//768 735//769 
f 736//770 724//758 737//771 
f 724//758 738//772 739//773 
f 62//774 212//213 536//549 
f 573//596 213//214 212//213 
f 740//775 737//771 741//776 
f 737//771 742//777 743//778 
f 744//779 745//780 728//762 
f 745//780 746//781 747//782 
f 741//776 748//783 749//784 
f 750//785 741//776 751//786 
f 752//787 753//788 754//789 
f 571//594 755//790 569//592 
f 610//634 756//791 608//632 
f 427//437 426//436 757//792 
f 758//793 759//794 745//780 
f 759//794 760//795 761//796 
f 762//797 243//246 406//416 
f 403//412 402//411 540//553 
f 153//154 79//80 78//79 
f 266//269 763//798 81//82 
f 764//799 751//786 765//800 
f 751//786 766//801 767//802 
f 768//803 769//804 770//805 
f 771//806 770//805 769//804 
f 166//167 156//157 155//156 
f 269//272 772//807 378//387 
f 773//808 774//809 759//794 
f 774//809 775//810 776//811 
f 777//812 765//800 665//694 
f 765//800 778//813 779//814 
f 109//110 164//165 107//108 
f 272//275 780//815 383//392 
f 454//464 453//463 263//266 
f 205//206 204//205 338//344 
f 420//430 781//816 782//817 
f 230//233 229//232 783//818 
f 784//819 785//820 786//821 
f 171//172 787//822 788//823 
f 93//320 789//824 314//318 
f 789//825 148//149 147//148 
f 481//826 53//827 790//828 
f 556//829 210//211 209//210 
f 190//830 428//438 427//437 
f 118//831 791//832 792//833 
f 793//834 172//173 774//809 
f 172//173 794//835 795//836 
f 669//698 668//697 796//837 
f 754//789 797//838 752//787 
f 302//306 798//839 799//840 
f 619//643 800//841 801//842 
f 65//414 635//659 405//415 
f 349//358 348//357 144//145 
f 308//312 802//843 306//310 
f 410//420 803//844 408//418 
f 97//98 804//845 578//601 
f 804//845 97//98 96//97 
f 597//620 596//619 805//846 
f 241//244 806//847 807//848 
f 640//664 639//663 808//849 
f 644//668 643//667 809//850 
f 472//482 471//481 810//851 
f 690//719 689//718 811//852 
f 812//853 813//854 814//855 
f 648//672 647//671 815//856 
f 697//726 696//725 816//857 
f 651//675 650//674 817//858 
f 566//586 565//585 818//859 
f 656//680 655//679 819//860 
f 478//488 477//487 820//861 
f 702//731 701//730 821//862 
f 291//294 293//296 183//184 
f 822//863 823//864 7//7 
f 824//865 143//144 145//866 
f 143//144 347//867 679//868 
f 361//370 360//369 548//562 
f 799//840 76//77 75//76 
f 660//684 825//869 658//682 
f 515//527 826//870 827//871 
f 317//323 281//284 828//872 
f 829//873 830//874 485//497 
f 80//81 831//875 832//876 
f 150//151 149//150 833//877 
f 3//3 834//878 835//879 
f 397//406 396//405 836//880 
f 379//388 837//881 838//882 
f 78//79 77//78 839//883 
f 547//561 546//560 840//884 
f 14//14 13//13 231//234 
f 299//303 298//302 841//885 
f 132//133 842//886 843//887 
f 155//156 154//155 844//888 
f 384//393 845//889 846//890 
f 107//108 163//164 847//891 
f 87//88 848//892 849//893 
f 29//29 390//399 389//398 
f 219//222 52//53 445//455 
f 415//425 414//894 35//35 
f 345//353 850//895 44//354 
f 851//896 852//897 853//898 
f 72//73 71//72 242//245 
f 452//462 40//40 451//461 
f 336//342 338//344 204//205 
f 322//328 259//262 417//427 
f 70//71 419//429 68//69 
f 854//899 322//328 511//523 
f 854//899 257//260 322//328 
f 855//900 191//901 190//830 
f 519//532 275//278 517//530 
f 856//902 534//547 857//903 
f 614//638 226//229 856//902 
f 380//389 418//428 417//427 
f 96//97 858//904 5//5 
f 44//44 859//905 42//42 
f 159//220 218//219 391//400 
f 768//803 537//550 860//906 
f 623//647 622//646 861//907 
f 862//908 131//132 130//131 
f 561//581 685//714 863//909 
f 253//256 503//515 502//910 
f 284//287 283//286 503//515 
f 864//911 111//912 278//281 
f 865//913 410//420 866//914 
f 867//915 868//916 869//917 
f 870//918 365//374 364//373 
f 871//919 252//255 549//563 
f 456//466 872//920 459//921 
f 111//912 873//922 332//338 
f 162//163 509//521 345//353 
f 162//163 320//326 509//521 
f 686//715 874//923 875//924 
f 189//627 188//189 602//625 
f 605//629 876//925 307//311 
f 262//265 261//264 877//926 
f 455//465 263//266 453//463 
f 250//253 249//252 365//374 
f 734//768 733//767 435//445 
f 554//572 117//927 568//591 
f 55//571 286//289 554//572 
f 20//20 98//99 37//37 
f 258//261 256//259 68//69 
f 11//11 878//928 716//749 
f 101//102 359//368 879//929 
f 366//375 880//930 577//600 
f 184//185 579//602 578//601 
f 227//230 615//639 881//931 
f 882//932 370//379 214//215 
f 813//854 812//853 586//609 
f 398//407 187//188 883//933 
f 85//86 822//863 83//84 
f 488//500 884//934 9//9 
f 132//133 843//887 425//435 
f 818//859 885//935 566//586 
f 76//77 799//840 798//839 
f 886//936 632//656 127//128 
f 30//30 189//627 603//626 
f 189//627 30//30 887//937 
f 344//351 157//938 888//939 
f 159//160 889//940 157//158 
f 890//941 665//694 891//942 
f 445//455 892//943 219//222 
f 219//944 49//50 48//49 
f 659//683 658//682 893//945 
f 328//334 245//946 326//332 
f 96//97 95//96 511//523 
f 663//692 95//96 894//947 
f 99//100 98//99 895//948 
f 257//260 854//899 896//949 
f 897//950 610//634 609//633 
f 30//30 603//626 28//28 
f 732//766 731//765 569//592 
f 570//593 569//592 731//765 
f 541//554 540//553 402//411 
f 350//359 679//708 680//709 
f 616//951 120//589 117//118 
f 296//299 202//952 616//640 
f 168//169 167//168 898//953 
f 316//954 898//955 899//956 
f 626//650 625//649 900//957 
f 194//195 901//958 192//193 
f 902//959 200//960 329//335 
f 200//960 903//961 904//962 
f 542//555 91//92 540//553 
f 244//247 243//246 762//797 
f 406//416 328//334 65//66 
f 66//67 65//66 328//334 
f 905//963 906//964 907//965 
f 908//966 909//967 905//963 
f 826//870 515//527 910//968 
f 296//969 512//524 911//970 
f 912//971 913//972 914//973 
f 355//364 354//363 912//971 
f 552//569 51//974 141//567 
f 287//975 915//976 288//977 
f 916//978 45//46 917//979 
f 607//631 918//980 916//978 
f 335//341 582//605 919//981 
f 459//921 919//982 456//466 
f 359//368 920//983 358//367 
f 150//151 82//83 671//700 
f 467//477 921//984 466//476 
f 79//80 153//154 763//798 
f 214//215 922//985 882//932 
f 2//2 672//701 135//136 
f 21//21 923//986 19//19 
f 379//388 378//387 152//153 
f 23//23 924//987 925//988 
f 397//406 136//137 673//702 
f 256//259 926//989 255//258 
f 156//157 166//167 772//807 
f 462//472 181//182 927//990 
f 185//186 674//703 133//134 
f 419//429 70//71 381//390 
f 384//393 383//392 165//166 
f 291//294 500//512 180//181 
f 299//303 134//135 631//655 
f 6//6 382//391 4//4 
f 164//165 109//110 780//815 
f 577//600 369//378 366//375 
f 87//88 86//87 108//109 
f 928//991 548//562 363//372 
f 433//443 432//442 626//650 
f 560//580 929//992 930//993 
f 929//992 560//580 559//579 
f 601//624 782//817 599//622 
f 599//622 782//817 781//816 
f 404//413 931//994 635//659 
f 931//994 404//413 403//412 
f 909//967 908//966 932//995 
f 932//995 632//656 886//936 
f 589//612 588//611 933//996 
f 933//996 588//611 934//997 
f 634//658 633//657 935//998 
f 936//999 937//1000 208//209 
f 581//604 582//605 100//101 
f 38//38 37//37 464//474 
f 938//1001 519//532 518//531 
f 410//420 865//913 939//1002 
f 594//617 593//616 940//1003 
f 940//1003 593//616 941//1004 
f 507//519 489//501 942//1005 
f 491//503 490//502 389//398 
f 309//313 421//431 543//557 
f 544//558 543//557 421//431 
f 790//828 482//1006 481//826 
f 140//1007 790//828 553//570 
f 12//12 716//749 717//750 
f 612//636 467//477 237//240 
f 464//474 463//473 38//38 
f 236//239 21//21 234//237 
f 925//988 104//105 23//23 
f 856//902 613//637 614//638 
f 927//990 24//24 462//472 
f 31//31 709//738 461//471 
f 786//821 785//820 171//172 
f 444//1008 447//1009 446//1010 
f 289//1011 446//1010 287//1012 
f 827//871 943//1013 825//869 
f 116//117 944//1014 945//1015 
f 276//279 608//632 756//791 
f 756//791 277//280 276//279 
f 208//209 207//208 936//999 
f 946//1016 947//1017 930//993 
f 506//518 508//751 507//1018 
f 507//1018 157//158 221//1019 
f 948//1020 949//1021 803//844 
f 950//1022 951//1023 952//1024 
f 431//441 606//630 429//439 
f 953//1025 954//1026 428//438 
f 891//942 955//1027 956//1028 
f 955//1027 891//942 957//1029 
f 437//1030 57//58 73//74 
f 436//446 57//58 437//1030 
f 11//11 10//10 102//103 
f 459//469 458//468 10//10 
f 958//1031 178//179 959//1032 
f 316//322 960//1033 148//149 
f 337//343 336//342 39//39 
f 791//832 495//507 792//833 
f 961//1034 715//748 714//747 
f 145//866 146//147 824//1035 
f 551//566 824//1035 550//565 
f 575//598 574//597 342//348 
f 138//139 347//356 551//566 
f 212//213 211//212 962//1036 
f 963//1037 141//1038 51//52 
f 484//496 683//712 964//1039 
f 783//818 965//1040 230//233 
f 663//692 894//947 664//693 
f 664//693 504//1041 506//1042 
f 803//844 306//310 948//1020 
f 277//280 517//530 275//278 
f 210//1043 483//1044 60//1045 
f 481//491 480//490 483//1044 
f 35//35 414//894 36//590 
f 568//591 117//588 36//590 
f 966//1046 435//445 733//767 
f 196//197 195//196 966//1046 
f 801//842 621//645 619//643 
f 178//179 958//1031 967//1047 
f 391//1048 42//1049 859//1050 
f 447//1009 444//1008 42//1049 
f 572//595 388//397 852//897 
f 755//790 571//594 753//788 
f 806//847 241//244 805//846 
f 451//461 124//125 452//462 
f 294//297 33//33 292//295 
f 8//8 492//504 489//501 
f 320//326 510//522 509//521 
f 854//899 511//523 968//1051 
f 828//872 829//873 317//323 
f 964//1039 487//499 484//496 
f 682//711 542//555 541//554 
f 89//687 64//1052 63//685 
f 150//151 833//877 831//875 
f 440//450 645//669 438//448 
f 80//81 832//876 267//270 
f 809//850 642//666 644//668 
f 151//152 313//317 149//150 
f 808//849 638//662 640//664 
f 266//269 268//271 692//721 
f 523//536 691//720 521//534 
f 2//2 695//724 312//316 
f 470//480 641//665 468//478 
f 79//80 693//722 77//78 
f 811//852 520//533 690//719 
f 3//3 835//879 1//1 
f 810//851 694//723 472//482 
f 78//79 839//883 837//881 
f 443//453 649//673 441//451 
f 397//406 836//880 834//878 
f 401//410 473//483 399//408 
f 379//388 838//882 270//273 
f 815//856 646//670 648//672 
f 814//855 585//608 812//853 
f 398//407 883//933 396//405 
f 527//540 698//727 525//538 
f 269//272 271//274 699//728 
f 156//157 700//729 154//155 
f 816//857 524//537 697//726 
f 155//156 844//888 845//889 
f 450//460 657//681 448//458 
f 299//303 841//885 842//886 
f 424//434 567//587 422//432 
f 384//393 846//890 273//276 
f 819//860 654//678 656//680 
f 25//25 27//27 298//302 
f 817//858 653//677 651//675 
f 530//543 703//732 528//541 
f 272//275 274//277 704//733 
f 88//89 707//736 26//26 
f 476//486 652//676 474//484 
f 164//165 705//734 163//164 
f 821//862 531//544 702//731 
f 87//88 849//893 395//404 
f 820//861 706//735 478//488 
f 107//108 847//891 848//892 
f 394//403 479//489 392//401 
f 563//583 562//582 885//935 
f 185//186 425//435 186//187 
f 592//615 735//769 734//768 
f 735//769 592//615 192//193 
f 455//465 587//610 264//267 
f 721//755 719//753 718//752 
f 725//759 720//754 723//757 
f 933//996 265//268 589//612 
f 262//265 233//236 260//263 
f 729//763 728//762 727//761 
f 738//772 724//758 736//770 
f 205//206 590//613 203//204 
f 746//781 745//780 744//779 
f 546//560 545//559 232//235 
f 852//897 851//896 572//595 
f 241//244 807//848 242//245 
f 940//1003 304//308 594//617 
f 742//777 737//771 740//775 
f 760//795 759//794 758//793 
f 421//431 311//315 591//614 
f 451//461 595//618 125//126 
f 748//783 741//776 750//785 
f 515//527 514//526 713//746 
f 329//335 200//201 199//1053 
f 782//817 601//624 310//314 
f 775//810 774//809 773//808 
f 753//788 752//787 755//790 
f 901//958 194//195 385//394 
f 805//846 126//127 597//620 
f 766//801 751//786 764//799 
f 219//944 892//943 49//50 
f 46//47 49//50 29//45 
f 778//813 765//800 777//812 
f 240//243 598//621 238//241 
f 805//846 596//619 806//847 
f 387//396 386//395 240//243 
f 229//232 228//231 600//623 
f 794//835 172//173 793//834 
f 666//695 665//694 890//941 
f 796//837 285//288 669//698 
f 787//822 171//172 170//171 
f 683//712 486//498 684//713 
f 678//707 677//706 409//419 
f 873//922 111//912 864//911 
f 66//67 502//910 503//515 
f 17//17 969//1054 375//384 
f 284//287 871//919 282//285 
f 253//256 252//255 871//919 
f 877//926 340//346 339//345 
f 340//346 877//926 261//264 
f 952//1024 407//417 950//1022 
f 407//417 952//1024 112//113 
f 343//1055 551//566 41//41 
f 57//58 56//57 71//72 
f 970//1056 757//792 426//436 
f 916//978 970//1056 607//631 
f 830//874 829//873 828//872 
f 130//131 129//130 784//819 
f 240//243 239//242 387//396 
f 797//838 754//789 796//837 
f 548//562 928//991 361//370 
f 900//957 624//648 626//650 
f 769//804 768//803 539//552 
f 175//176 499//511 867//915 
f 971//1057 458//468 334//1058 
f 458//468 460//470 334//1058 
f 385//394 123//124 901//958 
f 624//648 900//957 622//646 
f 559//579 558//578 323//329 
f 131//132 862//908 863//909 
f 681//710 680//709 679//708 
f 679//868 347//356 137//138 
f 972//1059 934//997 588//611 
f 934//997 972//1059 337//343 
f 620//644 538//551 537//550 
f 770//805 771//806 300//304 
f 403//412 973//1060 931//994 
f 973//1060 403//412 974//1061 
f 757//792 975//1062 427//437 
f 975//1062 976//1063 855//900 
f 604//628 977//1064 978//1065 
f 610//634 897//950 977//1064 
f 581//604 580//603 161//162 
f 896//949 979//1066 321//327 
f 492//504 980//1067 490//502 
f 857//903 534//547 533//546 
f 796//837 668//697 797//838 
f 122//123 121//122 173//174 
f 496//508 911//970 512//524 
f 715//748 961//1034 911//970 
f 245//1068 91//1069 904//1070 
f 893//945 904//1071 659//683 
f 981//1072 982//1073 983//1074 
f 982//1073 981//1072 984//1075 
f 411//1076 554//572 413//423 
f 554//572 288//1077 915//1078 
f 15//15 899//956 13//13 
f 899//956 15//15 316//954 
f 861//907 860//906 623//647 
f 303//307 362//371 301//305 
f 209//1079 557//575 556//574 
f 18//1080 59//1081 985//1082 
f 483//494 213//493 711//1083 
f 576//599 213//214 574//597 
f 986//1084 144//145 987//1085 
f 987//1085 144//145 348//357 
f 800//841 886//936 988//1086 
f 800//841 619//643 351//360 
f 114//115 971//1057 112//1087 
f 227//230 103//104 225//228 
f 540//553 974//1061 403//412 
f 974//1061 540//553 91//92 
f 984//1075 989//1088 990//1089 
f 989//1088 984//1075 981//1072 
f 415//425 346//355 413//423 
f 444//454 412//422 43//43 
f 331//337 660//684 659//683 
f 200//960 902//959 903//961 
f 372//381 359//368 370//379 
f 357//366 881//931 359//368 
f 197//1090 627//651 195//196 
f 627//651 341//1091 628//1092 
f 258//261 895//948 98//99 
f 98//99 991//1093 258//261 
f 799//840 303//307 302//306 
f 360//369 990//1089 989//1088 
f 954//1026 953//1025 792//833 
f 430//440 429//439 494//506 
f 49//301 688//717 297//300 
f 714//747 297//300 688//717 
f 183//184 7//7 823//864 
f 823//864 184//185 183//184 
f 211//495 142//1094 962//1095 
f 482//492 142//143 480//490 
f 200//201 535//548 198//199 
f 219//222 48//49 536//1096 
f 868//916 867//915 499//511 
f 957//1029 891//942 868//916 
f 869//917 868//916 177//178 
f 177//178 300//304 771//806 
f 918//980 607//631 992//1097 
f 992//1097 46//47 918//980 
f 629//653 353//362 352//361 
f 959//1032 178//179 629//653 
f 906//964 905//963 909//967 
f 630//654 629//653 906//964 
f 785//820 784//819 129//130 
f 325//331 324//330 785//820 
f 83//84 822//863 884//934 
f 505//517 504//516 83//84 
f 913//972 912//971 354//363 
f 907//965 906//964 913//972 
f 324//330 323//329 558//578 
f 875//924 874//923 324//330 
f 874//923 686//715 583//606 
f 914//973 913//972 874//923 
f 334//1058 460//470 332//338 
f 332//338 872//920 111//912 
f 862//908 828//872 281//284 
f 863//909 862//908 561//581 
f 430//440 687//716 992//1097 
f 687//716 493//505 688//717 
f 207//208 206//207 584//607 
f 207//208 930//993 947//1017 
f 434//444 993//1098 249//252 
f 993//1098 434//444 433//443 
f 617//641 616//640 945//1015 
f 943//1013 827//871 826//870 
f 633//657 356//365 355//364 
f 633//657 208//209 937//1000 
f 25//25 631//655 501//513 
f 88//89 501//513 86//87 
f 632//656 932//995 908//966 
f 632//656 634//658 128//129 
f 435//445 437//447 994//1099 
f 994//1099 437//447 732//766 
f 546//560 231//234 13//13 
f 232//235 231//234 546//560 
f 713//746 712//745 515//527 
f 712//745 910//968 515//527 
f 145//146 144//145 637//661 
f 147//148 314//1100 789//825 
f 638//662 808//849 439//449 
f 641//665 470//480 639//663 
f 645//669 440//450 643//667 
f 694//723 810//851 469//479 
f 642//666 809//850 522//535 
f 473//483 401//410 471//481 
f 585//608 814//855 400//409 
f 691//720 523//536 689//718 
f 586//609 564//584 813//854 
f 520//533 811//852 442//452 
f 885//935 818//859 563//583 
f 649//673 443//453 647//671 
f 567//587 424//434 565//585 
f 646//670 815//856 526//539 
f 653//677 817//858 423//433 
f 698//727 527//540 696//725 
f 375//384 328//334 374//577 
f 328//334 375//384 969//1054 
f 652//676 476//486 650//674 
f 524//537 816//857 449//459 
f 706//735 820//861 475//485 
f 657//681 450//460 655//679 
f 479//489 394//403 477//487 
f 654//678 819//860 529//542 
f 531//544 821//862 393//402 
f 703//732 530//543 701//730 
f 61//1101 985//1082 59//1081 
f 16//1102 710//1103 251//254 
f 892//943 445//455 390//399 
f 445//455 447//457 390//399 
f 497//509 496//508 513//525 
f 47//744 995//1104 199//1105 
f 996//1106 73//74 853//898 
f 73//74 996//1106 437//1030 
f 212//213 962//1036 963//1037 
f 536//549 212//213 50//51 
f 483//1044 997//1107 481//491 
f 53//827 481//826 997//1108 
f 929//992 863//909 685//714 
f 930//993 929//992 946//1016 
f 391//400 390//399 447//457 
f 42//1049 391//1048 447//1009 
f 382//391 6//6 380//389 
f 418//428 380//389 858//904 
f 456//466 161//162 160//161 
f 872//920 456//466 160//161 
f 293//296 291//294 708//737 
f 180//181 179//180 291//294 
f 191//901 855//900 976//1063 
f 519//532 938//1001 516//1109 
f 539//552 768//803 861//907 
f 860//906 861//907 768//803 
f 305//309 917//979 45//46 
f 28//28 977//1064 897//950 
f 41//41 148//564 39//39 
f 960//1033 39//39 148//564 
f 279//282 319//325 248//251 
f 93//94 92//93 168//169 
f 254//257 251//254 250//253 
f 251//254 254//257 16//1102 
f 318//324 998//1110 169//170 
f 781//816 998//1110 599//622 
f 302//306 301//305 538//551 
f 621//645 801//842 538//551 
f 581//604 919//981 582//605 
f 161//162 457//467 581//604 
f 518//531 939//1002 938//1001 
f 110//690 662//691 661//688 
f 859//905 44//44 889//1111 
f 850//895 889//1112 44//1113 
f 804//845 368//377 577//600 
f 96//97 5//5 804//845 
f 216//217 82//83 81//82 
f 82//83 358//367 920//983 
f 611//635 81//82 763//798 
f 81//82 217//218 216//217 
f 920//983 671//700 82//83 
f 671//700 372//381 371//380 
f 921//984 763//798 153//154 
f 763//798 612//636 611//635 
f 672//701 882//932 922//985 
f 371//380 672//701 671//700 
f 235//238 153//154 152//153 
f 153//154 466//476 921//984 
f 922//985 135//136 672//701 
f 135//136 106//107 105//106 
f 923//986 152//153 378//387 
f 152//153 236//239 235//238 
f 105//106 136//137 135//136 
f 136//137 925//988 924//987 
f 376//385 378//387 772//807 
f 378//387 19//19 923//986 
f 924//987 673//702 136//137 
f 673//702 22//22 373//382 
f 926//989 772//807 166//167 
f 772//807 377//386 376//385 
f 373//382 674//703 673//702 
f 674//703 927//990 181//182 
f 69//70 166//167 165//166 
f 166//167 255//258 926//989 
f 181//182 133//134 674//703 
f 133//134 181//182 180//181 
f 70//71 165//166 383//392 
f 165//166 70//71 69//70 
f 180//181 134//135 133//134 
f 134//135 180//181 500//512 
f 381//390 383//392 780//815 
f 383//392 381//390 70//71 
f 500//512 631//655 134//135 
f 631//655 500//512 367//376 
f 382//391 780//815 109//110 
f 780//815 382//391 381//390 
f 4//4 109//110 108//109 
f 109//110 4//4 382//391 
f 86//87 366//375 369//378 
f 366//375 86//87 501//513 
f 369//378 108//109 86//87 
f 108//109 369//378 4//4 
f 64//65 139//556 62//63 
f 139//140 574//597 573//596 
f 825//869 660//684 827//871 
f 660//684 331//337 330//336 
f 512//524 296//969 910//968 
f 616//640 618//642 296//299 
f 218//219 999//1114 390//399 
f 942//1005 491//503 999//1114 
f 7//7 183//184 293//296 
f 293//296 292//295 7//7 
f 116//117 115//116 374//383 
f 556//574 555//573 54//55 
f 119//120 118//119 190//191 
f 428//438 190//830 953//1025 
f 791//832 118//831 201//202 
f 714//747 1000//1115 961//1034 
f 866//914 864//1116 865//913 
f 864//1116 866//914 873//922 
f 40//40 39//39 336//342 
f 40//40 941//1004 593//616 
f 98//99 20//20 991//1093 
f 377//386 991//1093 20//20 
f 532//545 971//1057 114//115 
f 114//115 670//699 532//545 
f 627//651 58//59 436//446 
f 436//446 58//59 57//58 
f 182//183 367//376 500//512 
f 367//376 182//183 184//185 
f 887//937 670//699 189//627 
f 670//699 114//115 189//190 
f 199//1117 514//526 329//335 
f 330//336 329//335 514//526 
f 348//357 404//413 987//1085 
f 404//413 348//357 402//411 
f 68//69 259//262 258//261 
f 259//262 68//69 419//429 
f 419//429 417//427 259//262 
f 417//427 419//429 380//389 
f 94//319 314//318 636//660 
f 144//145 986//1084 636//660 
f 578//601 577//600 880//930 
f 577//600 578//601 804//845 
f 347//867 143//144 824//865 
f 824//1035 551//566 347//356 
f 715//748 498//510 297//300 
f 47//48 297//300 498//510 
f 60//1045 628//1092 341//1091 
f 628//1092 60//1045 483//1044 
f 287//1012 52//53 51//52 
f 51//974 552//569 287//290 
f 997//1108 556//829 53//827 
f 54//55 53//54 556//574 
f 937//1000 935//998 633//657 
f 937//1000 74//75 935//998 
f 402//411 350//359 541//554 
f 350//359 402//411 348//357 
f 802//843 308//312 676//705 
f 876//925 605//629 188//189 
f 157//158 507//1018 158//159 
f 942//1005 158//221 507//519 
f 264//267 726//760 725//759 
f 726//760 264//267 587//610 
f 260//263 722//756 721//755 
f 722//756 260//263 233//236 
f 602//625 188//189 605//629 
f 978//1065 603//626 602//625 
f 589//612 739//773 738//772 
f 739//773 589//612 265//268 
f 232//235 730//764 729//763 
f 730//764 232//235 545//559 
f 635//659 65//414 247//250 
f 67//68 247//250 65//66 
f 203//204 743//778 742//777 
f 743//778 203//204 590//613 
f 254//257 250//253 252//255 
f 365//374 870//918 250//253 
f 591//614 747//782 746//781 
f 747//782 591//614 311//315 
f 780//815 272//275 164//165 
f 704//733 164//165 272//275 
f 845//889 384//393 155//156 
f 165//166 155//156 384//393 
f 848//892 87//88 107//108 
f 108//109 107//108 87//88 
f 772//807 269//272 156//157 
f 699//728 156//157 269//272 
f 501//513 88//89 25//25 
f 26//26 25//25 88//89 
f 837//881 379//388 78//79 
f 152//153 78//79 379//388 
f 1000//1115 714//747 495//507 
f 688//717 495//507 714//747 
f 842//886 132//133 299//303 
f 134//135 299//303 132//133 
f 763//798 266//269 79//80 
f 692//721 79//80 266//269 
f 187//188 398//407 185//186 
f 674//703 185//186 398//407 
f 831//875 80//81 150//151 
f 82//83 150//151 80//81 
f 136//137 397//406 3//3 
f 834//878 3//3 397//406 
f 672//701 2//2 151//152 
f 312//316 151//152 2//2 
f 460//470 459//921 872//1118 
f 460//470 872//1118 332//338 
f 853//898 570//593 996//1106 
f 570//593 853//898 852//897 
f 594//617 749//784 748//783 
f 749//784 594//617 304//308 
f 119//120 34//529 36//36 
f 36//590 120//1119 119//120 
f 310//314 761//796 760//795 
f 761//796 310//314 601//624 
f 682//711 137//1120 64//1121 
f 64//1052 89//687 682//711 
f 125//126 767//802 766//801 
f 767//802 125//126 595//618 
f 717//750 465//475 12//12 
f 335//341 12//12 465//475 
f 102//103 101//102 11//11 
f 879//929 11//11 101//102 
f 840//884 13//13 899//956 
f 13//13 840//884 546//560 
f 776//811 600//623 228//231 
f 600//623 776//811 775//810 
f 756//791 610//634 604//628 
f 977//1064 604//628 610//634 
f 597//620 779//814 778//813 
f 779//814 597//620 126//127 
f 881//931 357//366 227//230 
f 103//104 227//230 357//366 
f 858//904 96//97 418//428 
f 511//523 418//428 96//97 
f 337//343 315//321 454//464 
f 960//1033 316//322 315//321 
f 613//637 856//902 224//227 
f 857//903 224//227 856//902 
f 238//241 667//696 666//695 
f 667//696 238//241 598//621 
f 949//1021 948//1020 951//1023 
f 676//705 675//704 802//843 
f 709//738 31//31 294//297 
f 33//33 294//297 31//31 
f 917//979 609//633 916//978 
f 970//1056 916//978 609//633 
f 684//713 795//836 794//835 
f 795//836 684//713 486//498 
f 231//234 262//265 14//14 
f 233//236 262//265 231//234 
f 591//614 547//561 421//431 
f 421//431 547//561 544//558 
f 261//264 455//465 340//346 
f 587//610 455//465 261//264 
f 951//1023 950//1022 949//1021 
f 409//419 408//418 678//707 
f 669//698 956//1028 955//1027 
f 956//1028 669//698 285//288 
f 310//314 309//313 782//817 
f 782//817 309//313 420//430 
f 247//250 67//68 279//282 
f 280//283 279//282 67//68 
f 947//1017 946//1016 283//286 
f 283//286 282//285 936//999 
f 120//121 202//203 118//119 
f 202//952 120//1119 616//1122 
f 97//98 223//226 95//96 
f 223//226 894//947 95//96 
f 485//497 788//823 787//822 
f 788//823 485//497 830//874 
f 263//266 933//996 454//464 
f 265//268 933//996 263//266 
f 229//232 599//622 998//1110 
f 600//623 599//622 229//232 
f 446//456 445//455 52//53 
f 52//53 287//1012 446//1010 
f 683//712 230//233 965//1040 
f 684//713 230//233 683//712 
f 621//645 967//1047 958//1031 
f 967//1047 621//645 620//644 
f 327//333 1001//1123 944//1014 
f 944//1014 116//117 327//333 
f 590//613 205//206 588//611 
f 588//611 205//206 972//1059 
f 939//1002 518//531 410//420 
f 803//844 410//420 518//531 
f 604//628 307//311 756//791 
f 277//280 756//791 307//311 
f 142//143 482//492 140//141 
f 790//828 140//1007 482//1006 
f 275//278 519//532 976//1063 
f 516//1109 976//1063 519//532 
f 829//873 484//496 487//499 
f 485//497 484//496 829//873 
f 533//546 887//937 980//1067 
f 670//699 887//937 533//546 
f 609//633 608//632 970//1056 
f 757//792 970//1056 608//632 
f 362//371 303//307 360//369 
f 990//1089 360//369 303//307 
f 204//205 940//1003 336//342 
f 304//308 940//1003 204//205 
f 305//309 29//45 28//28 
f 897//950 305//309 28//28 
f 518//531 517//530 803//844 
f 306//310 803//844 517//530 
f 307//311 306//310 277//280 
f 517//530 277//280 306//310 
f 976//1063 975//1062 275//278 
f 276//279 275//278 975//1062 
f 541//554 680//709 682//711 
f 680//709 541//554 350//359 
f 975//1062 757//792 276//279 
f 608//632 276//279 757//792 
f 582//605 464//474 37//37 
f 582//605 465//475 464//474 
f 593//616 451//461 40//40 
f 595//618 451//461 593//616 
f 896//949 895//948 257//260 
f 258//261 257//260 895//948 
f 798//839 988//1086 76//77 
f 74//75 76//77 127//128 
f 130//131 828//872 862//908 
f 828//872 130//131 830//874 
f 326//1124 893//945 658//682 
f 327//333 326//332 1001//1123 
f 510//522 664//693 220//352 
f 506//1042 220//223 664//693 
f 607//631 426//436 606//630 
f 426//436 607//631 970//1056 
f 687//716 430//440 493//505 
f 494//506 493//505 430//440 
f 124//125 805//846 241//244 
f 126//127 805//846 124//125 
f 542//555 682//711 89//687 
f 89//90 91//92 542//555 
f 10//10 335//341 459//469 
f 919//981 459//469 335//341 
f 535//548 200//201 63//64 
f 904//962 63//685 200//960 
f 596//619 240//243 386//395 
f 598//621 240//243 596//619 
f 285//288 796//837 239//242 
f 239//242 796//837 754//789 
f 915//976 287//975 552//1125 
f 554//572 915//1078 553//570 
f 174//175 173//174 668//697 
f 668//697 173//174 121//122 
f 199//1117 1002//1126 514//526 
f 1002//1126 199//1105 995//1104 
f 559//579 863//909 929//992 
f 863//909 559//579 131//132 
f 175//176 539//552 173//174 
f 539//552 175//176 769//804 
f 137//1120 682//711 681//710 
f 137//138 681//710 679//868 
f 893//945 326//332 245//1068 
f 245//1068 904//1070 893//945 
f 211//495 480//1127 142//1094 
f 480//1127 211//495 483//494 
f 850//895 345//353 509//521 
f 509//521 220//352 344//351 
f 721//755 587//610 260//263 
f 587//610 721//755 726//760 
f 832//876 831//875 645//669 
f 438//448 645//669 831//875 
f 267//270 832//876 644//668 
f 645//669 644//668 832//876 
f 268//271 267//270 642//666 
f 644//668 642//666 267//270 
f 831//875 833//877 438//448 
f 638//662 438//448 833//877 
f 640//664 638//662 149//150 
f 833//877 149//150 638//662 
f 692//721 268//271 521//534 
f 642//666 521//534 268//271 
f 521//534 691//720 692//721 
f 693//722 692//721 691//720 
f 641//665 640//664 313//317 
f 149//150 313//317 640//664 
f 468//478 641//665 312//316 
f 313//317 312//316 641//665 
f 77//78 693//722 690//719 
f 691//720 690//719 693//722 
f 690//719 520//533 77//78 
f 839//883 77//78 520//533 
f 312//316 695//724 468//478 
f 694//723 468//478 695//724 
f 233//236 729//763 722//756 
f 729//763 233//236 232//235 
f 695//724 1//1 694//723 
f 472//482 694//723 1//1 
f 837//881 839//883 441//451 
f 520//533 441//451 839//883 
f 838//882 837//881 649//673 
f 441//451 649//673 837//881 
f 1//1 835//879 472//482 
f 473//483 472//482 835//879 
f 265//268 725//759 739//773 
f 725//759 265//268 264//267 
f 835//879 834//878 473//483 
f 399//408 473//483 834//878 
f 270//273 838//882 648//672 
f 649//673 648//672 838//882 
f 271//274 270//273 646//670 
f 648//672 646//670 270//273 
f 834//878 836//880 399//408 
f 585//608 399//408 836//880 
f 812//853 585//608 396//405 
f 836//880 396//405 585//608 
f 699//728 271//274 525//538 
f 646//670 525//538 271//274 
f 525//538 698//727 699//728 
f 700//729 699//728 698//727 
f 396//405 883//933 812//853 
f 586//609 812//853 883//933 
f 562//582 586//609 187//188 
f 883//933 187//188 586//609 
f 154//155 700//729 697//726 
f 698//727 697//726 700//729 
f 844//888 154//155 524//537 
f 697//726 524//537 154//155 
f 187//188 186//187 562//582 
f 885//935 562//582 186//187 
f 566//586 885//935 425//435 
f 186//187 425//435 885//935 
f 845//889 844//888 448//458 
f 524//537 448//458 844//888 
f 846//890 845//889 657//681 
f 448//458 657//681 845//889 
f 425//435 843//887 566//586 
f 567//587 566//586 843//887 
f 374//577 555//573 557//576 
f 555//573 374//577 115//1128 
f 843//887 842//886 567//587 
f 422//432 567//587 842//886 
f 273//276 846//890 656//680 
f 657//681 656//680 846//890 
f 656//680 654//678 273//276 
f 274//277 273//276 654//678 
f 842//886 841//885 422//432 
f 653//677 422//432 841//885 
f 841//885 298//302 653//677 
f 651//675 653//677 298//302 
f 704//733 274//277 528//541 
f 654//678 528//541 274//277 
f 534//547 856//902 226//229 
f 226//229 225//228 534//547 
f 528//541 703//732 704//733 
f 705//734 704//733 703//732 
f 298//302 27//27 651//675 
f 652//676 651//675 27//27 
f 474//484 652//676 26//26 
f 27//27 26//26 652//676 
f 163//164 705//734 702//731 
f 703//732 702//731 705//734 
f 847//891 163//164 531//544 
f 702//731 531//544 163//164 
f 706//735 474//484 707//736 
f 26//26 707//736 474//484 
f 478//488 706//735 395//404 
f 707//736 395//404 706//735 
f 848//892 847//891 392//401 
f 531//544 392//401 847//891 
f 849//893 848//892 479//489 
f 392//401 479//489 848//892 
f 395//404 849//893 478//488 
f 479//489 478//488 849//893 
f 584//607 930//993 207//208 
f 930//993 584//607 560//580 
f 545//559 746//781 730//764 
f 746//781 545//559 591//614 
f 590//613 738//772 743//778 
f 738//772 590//613 589//612 
f 537//550 770//805 620//644 
f 770//805 537//550 768//803 
f 458//468 102//103 10//10 
f 102//103 458//468 971//1057 
f 37//37 100//101 582//605 
f 100//101 37//37 98//99 
f 606//630 428//438 954//1026 
f 428//438 606//630 426//436 
f 304//308 742//777 749//784 
f 742//777 304//308 203//204 
f 311//315 760//795 747//782 
f 760//795 311//315 310//314 
f 208//209 355//364 206//207 
f 355//364 208//209 633//657 
f 417//427 416//426 322//328 
f 416//426 511//523 322//328 
f 436//446 435//445 195//196 
f 435//445 966//1046 195//196 
f 498//510 715//748 496//508 
f 911//970 496//508 715//748 
f 595//618 748//783 767//802 
f 748//783 595//618 594//617 
f 513//525 512//524 712//745 
f 910//968 712//745 512//524 
f 580//603 896//949 321//327 
f 896//949 99//100 895//948 
f 908//966 634//658 632//656 
f 634//658 908//966 356//365 
f 775//810 601//624 600//623 
f 601//624 775//810 761//796 
f 351//360 886//936 800//841 
f 886//936 351//360 932//995 
f 301//305 860//906 537//550 
f 860//906 301//305 362//371 
f 35//35 162//163 415//425 
f 160//161 162//163 35//35 
f 349//358 143//144 679//708 
f 144//145 143//144 349//358 
f 491//503 942//1005 489//501 
f 491//503 489//501 492//504 
f 873//922 333//339 332//338 
f 677//706 873//922 866//914 
f 766//801 126//127 125//126 
f 126//127 766//801 779//814 
f 798//839 302//306 801//842 
f 538//551 801//842 302//306 
f 801//842 800//841 798//839 
f 988//1086 798//839 800//841 
f 55//571 553//570 790//828 
f 55//56 790//1129 53//54 
f 578//601 84//85 97//98 
f 223//226 97//98 84//85 
f 855//900 427//437 975//1062 
f 427//437 855//900 190//830 
f 228//231 794//835 776//811 
f 794//835 228//231 684//713 
f 623//647 362//371 361//370 
f 362//371 623//647 860//906 
f 122//123 861//907 622//646 
f 861//907 122//123 539//552 
f 508//520 488//500 489//501 
f 488//500 508//520 884//934 
f 598//621 778//813 667//696 
f 778//813 598//621 597//620 
f 502//910 66//67 969//1054 
f 969//1054 66//67 328//334 
f 224//227 857//903 32//32 
f 533//546 980//1067 857//903 
f 386//395 806//847 596//619 
f 806//847 386//395 572//595 
f 637//661 147//148 145//146 
f 147//148 146//147 145//866 
f 49//50 892//943 29//45 
f 390//399 29//29 892//943 
f 797//838 121//122 385//394 
f 121//122 797//838 668//697 
f 387//396 754//789 753//788 
f 754//789 387//396 239//242 
f 486//498 787//822 795//836 
f 787//822 486//498 485//497 
f 446//1010 289//1011 444//1008 
f 412//422 444//454 289//292 
f 123//124 622//646 900//957 
f 622//646 123//124 122//123 
f 285//288 666//695 956//1028 
f 666//695 285//288 238//241 
f 807//848 572//595 851//896 
f 572//595 807//848 806//847 
f 752//787 385//394 194//195 
f 385//394 752//787 797//838 
f 174//175 955//1027 499//511 
f 955//1027 174//175 669//698 
f 753//788 388//397 387//396 
f 388//397 753//788 571//594 
f 830//874 784//819 788//823 
f 784//819 830//874 130//131 
f 867//915 769//804 175//176 
f 769//804 867//915 771//806 
f 457//467 919//981 581//604 
f 457//467 456//466 919//982 
f 323//329 131//132 559//579 
f 131//132 323//329 129//130 
f 620//644 300//304 967//1047 
f 300//304 620//644 770//805 
f 624//648 361//370 928//991 
f 361//370 624//648 623//647 
f 619//643 958//1031 352//361 
f 958//1031 619//643 621//645 
f 45//46 916//978 918//980 
f 45//46 918//980 46//47 
f 560//580 686//715 558//578 
f 686//715 560//580 584//607 
f 932//995 353//362 909//967 
f 353//362 932//995 351//360 
f 206//207 912//971 583//606 
f 912//971 206//207 355//364 
f 356//365 905//963 354//363 
f 905//963 356//365 908//966 
f 413//423 43//1130 412//1131 
f 413//423 412//1131 411//1076 
f 251//254 196//197 249//252 
f 251//739 197//198 196//197 
f 900//957 901//958 123//124 
f 901//958 900//957 625//649 
f 917//979 305//309 897//950 
f 609//633 917//979 897//950 
f 194//195 755//790 752//787 
f 755//790 194//195 193//194 
f 852//897 571//594 570//593 
f 571//594 852//897 388//397 
f 548//562 989//1088 364//373 
f 989//1088 548//562 360//369 
f 626//650 928//991 433//443 
f 928//991 626//650 624//648 
f 663//692 510//522 968//1051 
f 968//1051 510//522 854//899 
f 487//499 279//282 317//323 
f 487//499 317//323 829//873 
f 318//324 487//499 964//1039 
f 965//1040 783//818 318//324 
f 625//649 192//193 901//958 
f 192//193 625//649 735//769 
f 574//597 139//140 138//139 
f 574//597 138//139 342//1132 
f 569//592 193//194 732//766 
f 193//194 569//592 755//790 
f 981//1072 364//373 989//1088 
f 364//373 981//1072 870//918 
f 865//913 278//1133 661//688 
f 278//1133 865//913 864//1116 
f 113//114 952//1024 675//704 
f 113//114 112//113 952//1024 
f 103//104 971//1057 532//545 
f 971//1057 103//104 102//103 
f 363//372 433//443 928//991 
f 433//443 363//372 993//1098 
f 494//506 792//833 495//507 
f 792//833 494//506 429//439 
f 198//199 536//1096 48//49 
f 48//49 47//48 198//199 
f 954//1026 429//439 606//630 
f 429//439 954//1026 792//833 
f 252//255 983//1074 982//1073 
f 252//255 250//253 983//1074 
f 432//442 735//769 625//649 
f 735//769 432//442 733//767 
f 550//565 146//147 148//564 
f 146//147 550//565 824//1035 
f 215//216 879//929 359//368 
f 237//240 878//928 215//216 
f 592//615 732//766 193//194 
f 732//766 592//615 994//1099 
f 74//75 282//285 871//919 
f 871//919 549//563 74//75 
f 75//76 990//1089 799//840 
f 303//307 799//840 990//1089 
f 161//162 321//327 162//163 
f 321//327 161//162 580//603 
f 636//660 986//1084 94//95 
f 92//93 94//95 246//249 
f 896//949 854//899 979//1066 
f 510//522 979//1066 854//899 
f 71//72 41//41 452//462 
f 41//41 71//72 56//57 
f 283//286 280//283 503//515 
f 67//68 503//515 280//283 
f 659//683 903//961 331//337 
f 903//961 659//683 904//1071 
f 733//767 434//444 966//1046 
f 434//444 733//767 432//442 
f 627//651 575//598 58//59 
f 342//348 58//59 575//598 
f 328//334 406//416 243//246 
f 245//946 328//334 243//246 
f 973//1060 406//1134 405//415 
f 406//1134 973//1060 762//1135 
f 18//18 985//1136 16//16 
f 710//1103 16//1102 985//1082 
f 579//602 85//86 84//85 
f 823//864 822//863 85//86 
f 627//651 197//1090 341//1091 
f 61//62 341//347 197//198 
f 46//47 992//1097 687//716 
f 687//716 49//301 46//47 
f 840//884 544//558 547//561 
f 544//558 840//884 899//956 
f 103//104 532//545 225//228 
f 534//547 225//228 532//545 
f 543//557 420//430 309//313 
f 420//430 543//557 167//168 
f 902//959 331//337 903//961 
f 331//337 902//959 329//335 
f 330//336 827//871 660//684 
f 827//871 330//336 515//527 
f 877//926 14//14 262//265 
f 14//14 877//926 339//345 
f 292//295 33//33 1003//1137 
f 980//1067 1003//1137 33//33 
f 898//955 316//954 789//824 
f 148//149 789//825 316//322 
f 47//744 497//509 995//1104 
f 497//509 47//744 498//510 
f 789//824 93//320 898//955 
f 168//169 898//953 93//94 
f 91//1069 245//1068 244//247 
f 91//92 244//1138 974//1061 
f 340//346 453//463 315//321 
f 453//463 340//346 455//465 
f 43//1130 413//423 346//355 
f 346//355 44//1139 43//1130 
f 941//1004 336//342 940//1003 
f 336//342 941//1004 40//40 
f 513//525 995//1104 497//509 
f 995//1104 513//525 713//746 
f 281//284 561//581 862//908 
f 561//581 281//284 280//283 
f 36//590 414//894 568//591 
f 413//423 568//591 414//424 
f 977//1064 28//28 603//626 
f 603//626 978//1065 977//1064 
f 998//1110 783//818 229//232 
f 998//1110 318//324 783//818 
f 454//464 934//997 337//343 
f 934//997 454//464 933//996 
f 51//52 50//51 963//1037 
f 963//1037 50//51 212//213 
f 945//1015 616//951 116//117 
f 616//951 117//118 116//117 
f 911//970 295//298 296//969 
f 295//298 911//970 961//1034 
f 853//898 72//73 851//896 
f 72//73 853//898 73//74 
f 965//1040 964//1039 683//712 
f 964//1039 965//1040 318//324 
f 17//17 16//16 502//514 
f 969//1054 17//17 502//910 
f 978//1065 605//629 604//628 
f 605//629 978//1065 602//625 
f 972//1059 338//344 337//343 
f 338//344 972//1059 205//206 
f 910//968 618//642 826//870 
f 618//642 910//968 296//969 
f 7//7 9//9 822//863 
f 822//863 9//9 884//934 
f 685//714 946//1016 929//992 
f 946//1016 685//714 283//286 
f 635//659 987//1085 404//413 
f 987//1085 635//659 986//1084 
f 503//515 253//256 284//287 
f 871//919 284//287 253//256 
f 889//940 159//160 859//1050 
f 391//1048 859//1050 159//160 
f 858//904 6//6 5//5 
f 6//6 858//904 380//389 
f 241//244 452//462 124//125 
f 452//462 241//244 71//72 
f 936//999 947//1017 283//286 
f 947//1017 936//999 207//208 
f 887//937 490//502 980//1067 
f 490//502 887//937 30//30 
f 944//1014 825//869 943//1013 
f 825//869 944//1014 1001//1123 
f 998//1110 781//816 169//170 
f 781//816 420//430 169//170 
f 551//566 343//1055 342//1132 
f 551//566 342//1132 138//139 
f 762//1135 974//1061 244//1138 
f 974//1061 762//1135 973//1060 
f 167//168 899//956 898//955 
f 899//956 167//168 544//558 
f 988//1086 127//128 76//77 
f 127//128 988//1086 886//936 
f 119//120 191//192 516//528 
f 976//1063 516//1109 191//901 
f 35//35 34//34 110//690 
f 662//691 110//690 34//529 
f 141//1038 963//1037 962//1036 
f 962//1095 142//1094 141//1140 
f 1002//1126 713//746 514//526 
f 713//746 1002//1126 995//1104 
f 617//641 826//870 618//642 
f 826//870 617//641 943//1013 
f 366//375 184//185 880//930 
f 578//601 880//930 184//185 
f 580//603 100//101 99//100 
f 99//100 896//949 580//603 
f 658//682 1001//1123 326//1124 
f 1001//1123 658//682 825//869 
f 237//240 716//749 878//928 
f 716//749 237//240 467//477 
f 881//931 370//379 359//368 
f 370//379 881//931 615//639 
f 717//750 467//477 234//237 
f 467//477 717//750 716//749 
f 214//215 615//639 614//638 
f 615//639 214//215 370//379 
f 463//473 234//237 21//21 
f 234//237 463//473 717//750 
f 128//129 935//998 74//75 
f 935//998 128//129 634//658 
f 614//638 104//105 214//215 
f 104//105 614//638 613//637 
f 38//38 21//21 20//20 
f 21//21 38//38 463//473 
f 613//637 23//23 104//105 
f 23//23 613//637 461//471 
f 24//24 461//471 709//738 
f 461//471 24//24 23//23 
f 504//1041 664//693 894//947 
f 894//947 223//226 504//1041 
f 709//738 462//472 24//24 
f 462//472 709//738 708//737 
f 179//180 708//737 291//294 
f 708//737 179//180 462//472 
f 117//927 554//572 286//289 
f 286//289 115//116 117//118 
f 549//563 982//1073 75//76 
f 982//1073 549//563 252//255 
f 945//1015 943//1013 617//641 
f 943//1013 945//1015 944//1014 
f 41//41 56//57 343//349 
f 58//59 343//349 56//57 
f 966//1046 249//252 196//197 
f 249//252 966//1046 434//444 
f 990//1089 75//76 984//1075 
f 984//1075 75//76 982//1073 
f 346//355 415//425 345//353 
f 162//163 345//353 415//425 
f 112//1087 334//340 407//417 
f 334//1058 112//1087 971//1057 
f 188//189 113//114 676//705 
f 188//189 676//705 876//925 
f 507//1018 221//1019 506//518 
f 220//223 506//1042 221//224 
f 661//688 939//1002 865//913 
f 939//1002 661//688 662//691 
f 242//245 851//896 72//73 
f 851//896 242//245 807//848 
f 140//141 553//1141 552//1142 
f 915//1078 552//1142 553//1141 
f 637//661 636//660 314//318 
f 147//148 637//661 314//1100 
f 999//1114 389//398 390//399 
f 389//398 999//1114 491//503 
f 980//1067 492//504 1003//1137 
f 1003//1137 492//504 8//8 
f 576//743 628//652 711//742 
f 711//1083 213//214 576//599 
f 74//75 937//1000 282//285 
f 937//1000 936//999 282//285 
f 718//752 726//760 721//755 
f 726//760 718//752 720//754 
f 727//761 722//756 729//763 
f 722//756 727//761 719//753 
f 723//757 739//773 725//759 
f 739//773 723//757 724//758 
f 168//169 319//325 169//170 
f 319//325 168//169 92//93 
f 730//764 744//779 728//762 
f 744//779 730//764 746//781 
f 743//778 736//770 737//771 
f 736//770 743//778 738//772 
f 926//989 256//259 991//1093 
f 256//259 258//261 991//1093 
f 368//377 804//845 5//5 
f 4//4 368//377 5//5 
f 740//775 749//784 742//777 
f 749//784 740//775 741//776 
f 758//793 747//782 760//795 
f 747//782 758//793 745//780 
f 375//384 557//576 18//18 
f 59//1081 18//1080 557//575 
f 8//8 7//7 292//295 
f 1003//1137 8//8 292//295 
f 750//785 767//802 748//783 
f 767//802 750//785 751//786 
f 663//692 968//1051 511//523 
f 95//96 663//692 511//523 
f 731//765 996//1106 570//593 
f 996//1106 731//765 437//1030 
f 32//32 857//903 980//1067 
f 33//33 32//32 980//1067 
f 773//808 761//796 775//810 
f 761//796 773//808 759//794 
f 92//93 248//251 319//325 
f 248//251 92//93 246//249 
f 986//1084 246//249 94//95 
f 986//1084 635//659 246//249 
f 764//799 779//814 766//801 
f 779//814 764//799 765//800 
f 63//685 904//962 90//686 
f 90//91 904//1070 91//1069 
f 495//507 791//832 1000//1115 
f 201//202 1000//1115 791//832 
f 777//812 667//696 778//813 
f 667//696 777//812 665//694 
f 776//811 793//834 774//809 
f 793//834 776//811 794//835 
f 557//575 209//1079 59//1081 
f 60//61 59//60 209//210 
f 365//374 993//1098 363//372 
f 993//1098 365//374 249//252 
f 956//1028 890//941 891//942 
f 890//941 956//1028 666//695 
f 870//918 983//1074 250//253 
f 983//1074 870//918 981//1072 
f 678//707 950//1022 407//417 
f 950//1022 678//707 408//418 
f 158//221 942//1005 218//219 
f 999//1114 218//219 942//1005 
f 888//939 850//895 344//351 
f 509//521 344//351 850//895 
f 957//1029 499//511 955//1027 
f 499//511 957//1029 868//916 
f 344//351 222//350 157//938 
f 157//158 222//225 221//224 
f 994//1099 734//768 435//445 
f 734//768 994//1099 592//615 
f 411//421 289//292 288//291 
f 288//1077 554//572 411//1076 
f 170//171 795//836 787//822 
f 795//836 170//171 172//173 
f 869//917 771//806 867//915 
f 771//806 869//917 177//178 
f 176//177 967//1047 300//304 
f 967//1047 176//177 178//179 
f 352//361 959//1032 629//653 
f 959//1032 352//361 958//1031 
f 662//691 938//1001 939//1002 
f 938//1001 662//691 516//1109 
f 786//821 788//823 784//819 
f 788//823 786//821 171//172 
f 630//654 909//967 353//362 
f 909//967 630//654 906//964 
f 35//35 111//112 160//161 
f 160//161 111//912 872//920 
f 431//441 992//1097 607//631 
f 992//1097 431//441 430//440 
f 907//965 354//363 905//963 
f 354//363 907//965 913//972 
f 325//331 129//130 323//329 
f 129//130 325//331 785//820 
f 808//849 1004//1143 178//1144 
f 1004//1143 808//849 639//663 
f 177//1145 639//663 470//480 
f 639//663 177//1145 1004//1143 
f 178//1144 439//449 808//849 
f 439//449 178//1144 1005//1146 
f 470//480 1006//1147 177//1145 
f 1006//1147 470//480 469//479 
f 440//450 1005//1146 629//1148 
f 1005//1146 440//450 439//449 
f 868//1149 469//479 810//851 
f 469//479 868//1149 1006//1147 
f 629//1148 643//667 440//450 
f 643//667 629//1148 1007//1150 
f 1008//1151 810//851 471//481 
f 810//851 1008//1151 868//1149 
f 914//973 583//606 912//971 
f 583//606 914//973 874//923 
f 1007//1150 809//850 643//667 
f 809//850 1007//1150 906//1152 
f 951//1023 675//704 952//1024 
f 675//704 951//1023 948//1020 
f 891//1153 471//481 401//410 
f 471//481 891//1153 1008//1151 
f 315//321 337//343 960//1033 
f 39//39 960//1033 337//343 
f 906//1152 522//535 809//850 
f 522//535 906//1152 1009//1154 
f 558//578 875//924 324//330 
f 875//924 558//578 686//715 
f 401//410 1010//1155 891//1153 
f 1010//1155 401//410 400//409 
f 85//86 579//602 823//864 
f 184//185 823//864 579//602 
f 523//536 1009//1154 913//1156 
f 1009//1154 523//536 522//535 
f 665//1157 400//409 814//855 
f 400//409 665//1157 1010//1155 
f 913//1156 689//718 523//536 
f 689//718 913//1156 1011//1158 
f 814//855 1012//1159 665//1157 
f 1012//1159 814//855 813//854 
f 811//852 1011//1158 874//1160 
f 1011//1158 811//852 689//718 
f 961//1034 201//1161 295//298 
f 201//1161 961//1034 1000//1115 
f 765//1162 813//854 564//584 
f 813//854 765//1162 1012//1159 
f 874//1160 442//452 811//852 
f 442//452 874//1160 1013//1163 
f 564//584 1014//1164 765//1162 
f 1014//1164 564//584 563//583 
f 1013//1163 443//453 442//452 
f 443//453 1013//1163 324//1165 
f 563//583 751//1166 1014//1164 
f 751//1166 563//583 818//859 
f 324//1165 647//671 443//453 
f 647//671 324//1165 1015//1167 
f 818//859 1016//1168 751//1166 
f 1016//1168 818//859 565//585 
f 953//1169 190//191 118//119 
f 792//833 953//1169 118//831 
f 1015//1167 815//856 647//671 
f 815//856 1015//1167 785//1170 
f 741//1171 565//585 424//434 
f 565//585 741//1171 1016//1168 
f 785//1170 526//539 815//856 
f 526//539 785//1170 1017//1172 
f 1018//1173 424//434 423//433 
f 424//434 1018//1173 741//1171 
f 527//540 1017//1172 171//1174 
f 1017//1172 527//540 526//539 
f 737//1175 423//433 817//858 
f 423//433 737//1175 1018//1173 
f 171//1174 696//725 527//540 
f 696//725 171//1174 1019//1176 
f 183//184 182//183 290//293 
f 500//512 290//293 182//183 
f 817//858 1020//1177 737//1175 
f 1020//1177 817//858 650//674 
f 879//929 215//216 878//928 
f 11//11 879//929 878//928 
f 816//857 1019//1176 172//1178 
f 1019//1176 816//857 696//725 
f 724//1179 650//674 476//486 
f 650//674 724//1179 1020//1177 
f 172//1178 449//459 816//857 
f 449//459 172//1178 1021//1180 
f 850//895 888//939 889//1112 
f 889//940 888//1181 157//1182 
f 476//486 1022//1183 724//1179 
f 1022//1183 476//486 475//485 
f 1021//1180 450//460 449//459 
f 450//460 1021//1180 774//1184 
f 720//1185 475//485 820//861 
f 475//485 720//1185 1022//1183 
f 774//1184 655//679 450//460 
f 655//679 774//1184 1023//1186 
f 820//861 1024//1187 720//1185 
f 1024//1187 820//861 477//487 
f 819//860 1023//1186 759//1188 
f 1023//1186 819//860 655//679 
f 477//487 719//1189 1024//1187 
f 719//1189 477//487 394//403 
f 759//1188 529//542 819//860 
f 529//542 759//1188 1025//1190 
f 1026//1191 394//403 393//402 
f 394//403 1026//1191 719//1189 
f 530//543 1025//1190 745//1192 
f 1025//1190 530//543 529//542 
f 728//1193 393//402 821//862 
f 393//402 728//1193 1026//1191 
f 876//925 308//312 307//311 
f 308//312 876//925 676//705 
f 745//1192 701//730 530//543 
f 701//730 745//1192 1027//1194 
f 821//862 1027//1194 728//1193 
f 1027//1194 821//862 701//730 
f 948//1020 802//843 675//704 
f 802//843 948//1020 306//310 
f 408//418 949//1021 950//1022 
f 949//1021 408//418 803//844 
f 409//419 866//914 410//420 
f 866//914 409//419 677//706 
f 139//556 573//596 62//774 
f 212//213 62//774 573//596 
f 505//517 884//934 508//751 
f 884//934 505//517 83//84 
f 54//55 115//1128 286//289 
f 115//1128 54//55 555//573 
f 197//198 710//740 61//62 
f 985//1082 61//1101 710//1103 
f 407//417 333//339 677//706 
f 873//922 677//706 333//339 
f 405//415 635//659 931//994 
f 405//415 931//994 973//1060 
f 315//321 15//15 339//345 
f 339//345 15//15 14//14 
f 321//327 979//1066 320//326 
f 510//522 320//326 979//1066 
f 536//549 535//548 62//774 
f 536//1096 198//199 535//548 
f 483//1044 210//1043 997//1107 
f 556//829 997//1108 210//211 
f 82//83 216//217 358//367 
f 215//216 358//367 216//217 
f 81//82 611//635 217//218 
f 237//240 217//218 611//635 
f 671//700 920//983 372//381 
f 359//368 372//381 920//983 
f 467//477 612//636 921//984 
f 763//798 921//984 612//636 
f 370//379 882//932 371//380 
f 672//701 371//380 882//932 
f 153//154 235//238 466//476 
f 234//237 466//476 235//238 
f 135//136 922//985 106//107 
f 214//215 106//107 922//985 
f 152//153 923//986 236//239 
f 21//21 236//239 923//986 
f 136//137 105//106 925//988 
f 104//105 925//988 105//106 
f 378//387 376//385 19//19 
f 20//20 19//19 376//385 
f 673//702 924//987 22//22 
f 23//23 22//22 924//987 
f 991//1093 377//386 926//989 
f 772//807 926//989 377//386 
f 674//703 373//382 927//990 
f 24//24 927//990 373//382 
f 166//167 69//70 255//258 
f 68//69 255//258 69//70 
# 2030 faces

