# 3ds Max Wavefront OBJ Exporter v0.99 - (c)2007 guruware
# File Created: 30.05.2025 04:07:13

#
# object mountain_001
#

v  1858.8525 780.8651 -600.2026
v  2096.6228 996.5402 433.5038
v  2176.1011 664.0712 -600.2026
v  695.7416 -996.9836 -305.9807
v  1129.3289 -977.8268 -305.9807
v  1137.8234 -996.9836 -0.0001
v  1954.6838 -845.2018 -0.0001
v  1562.9161 -939.1380 -0.0001
v  1732.6482 -909.8921 -212.4364
v  -938.8083 752.9384 -205.5412
v  -235.5064 981.1100 326.1636
v  -850.5440 694.7263 -837.6855
v  1008.3405 704.9743 -1109.0299
v  1494.0464 664.0712 -1161.9235
v  1204.2236 528.9097 -1452.4769
v  -1242.0002 -48.2800 -1246.5465
v  -1648.9841 -12.2288 -695.2362
v  -1608.7573 170.9879 -695.2362
v  1088.3862 -521.7571 -1462.7623
v  1696.1304 -462.4168 -1346.6895
v  1886.9060 -590.4958 -1151.6383
v  2439.1692 -346.7148 -495.2732
v  2842.4688 -253.8611 123.3560
v  2245.7051 -509.0794 -495.2732
v  695.7416 -718.7852 -1109.0299
v  383.1431 -704.9735 -1362.9196
v  561.8655 -647.7553 -1261.0056
v  -628.1419 110.1768 -1515.6559
v  -556.5008 216.1192 -1515.6559
v  -466.3041 -58.3442 -1980.7223
v  -1951.9019 195.8035 -295.8658
v  2749.0583 381.5295 -305.9807
v  3058.5447 431.6854 331.6783
v  2968.9414 322.1700 123.3560
v  852.2174 164.8913 -1696.9497
v  1612.7444 156.0178 -1438.7321
v  1048.6920 0.0003 -1696.9497
v  -171.4324 0.0003 -1449.0173
v  -57.8745 -134.2351 -2069.9734
v  71.6084 -274.4632 -2069.9734
v  -505.9988 463.4129 -1640.7346
v  82.5569 664.0712 -1362.9196
v  -169.4302 499.5583 -1614.7455
v  205.4255 1010.9701 -48.4237
v  287.3116 921.0931 -600.2026
v  -466.3043 786.8574 -837.6855
v  82.5571 -275.0668 -1449.0173
v  -97.5685 -457.6797 -1980.7223
v  -41.2721 -405.1764 -1588.8162
v  -784.6171 -664.0705 -600.2026
v  -636.5451 -597.6476 -871.3591
v  -467.3687 -780.8643 -600.2026
v  1678.7539 7.1525 -1438.7321
v  2558.3037 195.8947 -495.2732
v  384.2069 -134.2348 -2100.1099
v  215.0300 48.9819 -2069.9734
v  781.9875 194.5024 -1538.2686
v  450.1343 553.8948 -1304.0812
v  -97.5688 387.5222 -1835.7861
v  149.7328 537.5077 -1523.7081
v  -1044.9761 -521.7568 -600.2026
v  -1403.3755 -566.1232 -401.0143
v  -1608.7563 -393.7580 -401.0143
v  386.5083 -133.9269 -2104.5115
v  977.3205 111.1331 -1700.8558
v  705.7963 -14.8920 -1893.8011
v  381.9059 -134.5427 -2095.7080
v  1072.5996 1010.9702 -48.4237
v  1780.8340 1134.4409 535.2917
v  1104.1719 921.0931 -600.2026
v  1424.7645 -267.9149 -1438.7321
v  1088.3864 -323.4448 -1607.6985
v  540.6833 -299.1260 -2228.6545
v  213.9658 -521.7568 -1304.0812
v  52.3544 -493.6275 -1980.7223
v  267.9677 -478.6908 -1591.3793
v  2437.6812 336.1228 -840.4808
v  2544.8997 177.5687 -840.4808
v  2176.1011 275.0675 -1109.0299
v  1771.0681 597.6484 -1161.9235
v  1682.0900 781.5074 -786.8126
v  1847.1704 608.6490 -981.8309
v  2968.9417 -66.8338 123.3560
v  -784.6174 275.0674 -1109.0299
v  1930.4937 -828.9615 -305.9807
v  2267.2827 -704.9738 -305.9807
v  1609.8844 -656.9187 -1151.6383
v  1008.3407 -704.9739 -1109.0299
v  -194.4644 -399.3353 -1304.0812
v  -351.0300 -313.7557 -1304.0812
v  -875.7989 -140.2278 -1109.0299
v  -906.5872 0.0002 -1109.0299
v  -652.3320 0.0003 -1515.6559
v  -539.0087 -828.9609 -305.9807
v  -744.3640 -750.3575 -461.8753
v  2581.1030 12.6780 -840.4808
v  2298.0710 0.0003 -1109.0299
v  2267.2827 140.2284 -1109.0299
v  2176.1011 -275.0670 -1109.0299
v  2437.6816 -310.7669 -840.4808
v  2263.5684 -456.8913 -840.4808
v  287.3117 -921.0923 -600.2026
v  328.1650 -828.9609 -1125.2489
v  471.5075 -879.8697 -819.4556
v  -194.4642 -597.6477 -1109.0299
v  -437.2757 -508.2576 -1109.0299
v  1063.3188 828.9618 -871.3591
v  695.7418 939.1384 -600.2026
v  639.0126 1030.1270 -48.4237
v  15.4940 -23.7181 -2074.5825
v  198.5329 -65.8795 -2088.3845
v  1696.1301 476.7216 -1346.6895
v  1204.2238 330.5974 -1597.4131
v  526.5644 381.5295 -1449.0173
v  500.0969 212.0743 -1711.4349
v  -174.6791 -1.9116 -1451.9131
v  -215.3577 -59.9659 -1805.0038
v  -62.5507 -134.4253 -2073.3757
v  -53.1979 -134.0448 -2066.5708
v  -1205.7969 116.6107 -1246.5465
v  -870.8629 469.5691 -871.3591
v  -725.6780 399.3359 -1320.6046
v  -876.1407 368.5680 -1119.9921
v  1044.2178 -39.0286 -1700.7073
v  725.7017 -94.4306 -1892.4053
v  1742.5139 -702.7596 -871.3591
v  1782.2842 -853.1113 -518.2275
v  1670.8040 -801.1042 -755.1655
v  695.7416 -939.1380 -600.2026
v  695.7416 -845.2020 -871.3591
v  1104.1719 -921.0928 -600.2026
v  -1620.0491 555.1960 -295.8658
v  -1296.1584 509.5283 -695.2362
v  -1825.4294 382.8307 -295.8658
v  -448.5546 -413.1364 -1252.0184
v  -1357.5750 -183.2164 -600.2026
v  -1368.7434 -114.9931 -932.3881
v  864.9192 -183.2167 -1538.2686
v  384.2074 -332.5478 -2069.9734
v  1830.0264 951.1608 -121.5119
v  861.7057 184.7530 -1541.6709
v  639.1712 37.0017 -1832.9358
v  1771.0684 399.3361 -1356.9749
v  1876.7537 508.2582 -1034.9788
v  2028.0300 399.3360 -1109.0299
v  1855.0747 110.1768 -1155.9789
v  -948.0801 463.4126 -1403.0640
v  -1035.7993 651.8420 -695.2362
v  -778.9030 646.6297 -1131.9075
v  -321.8636 587.2004 -1513.6558
v  152.6310 -298.8763 -2298.0212
v  -91.6262 -456.6566 -1979.0692
v  89.0025 -383.3011 -2104.0879
v  76.5150 -275.4379 -1451.0957
v  -103.5104 -458.7029 -1982.3749
v  -7.4918 -471.5385 -1306.5248
v  151.9944 -299.3755 -2307.3894
v  145.0089 -302.9469 -2287.5706
v  2176.1011 -664.0707 -600.2026
v  2028.0300 -597.6479 -871.3591
v  938.4633 -359.3926 -1607.6985
v  526.5646 -381.5287 -1449.0173
v  52.3542 225.1576 -1980.7223
v  316.3178 231.4403 -1797.6420
v  -213.2697 -57.1431 -1806.0430
v  -46.4520 -95.2909 -2065.7451
v  1612.7444 -141.7130 -1438.7321
v  1532.6088 -208.9666 -1438.7321
v  974.1877 -110.1763 -1696.9497
v  2267.2830 -140.2278 -1109.0299
v  2544.8999 -152.2128 -840.4808
v  262.1554 -977.8260 -305.9807
v  -154.7690 -921.0920 -305.9807
v  -105.4227 -867.6500 -600.2026
v  -25.2864 -780.8641 -1125.2489
v  383.1427 704.9742 -1362.9196
v  695.7416 718.7855 -1109.0299
v  561.8653 647.7558 -1261.0056
v  -416.9570 733.4154 -1131.9075
v  328.1641 828.9617 -1125.2489
v  1043.9729 39.0422 -1700.8243
v  733.1255 -53.7639 -1893.2937
v  2439.1692 372.0705 -495.2732
v  2028.0295 597.6484 -871.3591
v  -448.0876 4.1071 -1656.7444
v  -556.5005 -216.1186 -1515.6559
v  -294.2567 -229.5740 -1427.5503
v  -1865.6560 -387.7019 10.1148
v  -1520.6191 -476.7910 -169.4896
v  -1570.2935 0.0001 -0.0001
v  -1994.6062 1.3017 -295.8658
v  -1823.4792 -102.4974 -167.8855
v  -47.9471 -404.6076 -1588.9630
v  849.7623 166.9462 -1699.9822
v  647.8678 16.4922 -1893.9873
v  854.6727 162.8363 -1693.9170
v  -1205.7966 -213.1706 -1246.5465
v  -1218.9282 -254.7549 -868.6661
v  1027.9105 -222.0678 -1791.4727
v  -1098.5786 275.1647 -1246.5465
v  -1179.6226 382.8896 -914.6205
v  -1343.6536 706.2756 -295.8658
v  1063.3192 -828.9616 -871.3591
v  1416.7710 -780.8647 -871.3591
v  -2084.6333 401.1636 94.4941
v  -1875.2292 576.9058 94.4941
v  695.7416 -1016.5157 -0.0001
v  655.8542 1105.0803 768.8688
v  196.9309 1030.1272 257.5569
v  -1157.7688 -731.0140 -95.0337
v  -1126.9800 -717.2025 -401.0143
v  -1188.3972 -564.7456 -0.0001
v  152.4211 30.7538 -2307.4075
v  208.4020 -39.3363 -2159.4929
v  152.2041 30.5578 -2298.0034
v  36.6234 -328.3397 -1886.9795
v  65.4397 -274.7583 -2071.8967
v  208.4022 -229.1336 -2159.4929
v  152.1981 -302.7112 -2287.1355
v  262.7519 -245.0204 -2159.0837
v  2558.3037 -170.5389 -495.2732
v  2598.5308 12.6779 -495.2732
v  3011.6462 127.6681 123.3560
v  450.1346 -553.8940 -1304.0812
v  82.5573 -664.0706 -1362.9196
v  4.8191 -571.9536 -1261.0056
v  -1238.4404 -359.3922 -600.2026
v  -1044.9753 -323.4445 -871.3591
v  -870.8621 -469.5687 -871.3591
v  1879.2649 0.0003 -1155.9789
v  1906.3457 -306.6037 -1219.7448
v  3011.6467 -70.6443 429.3366
v  2652.6013 -524.8350 310.1477
v  2760.8706 -364.0936 262.3502
v  2637.0884 -426.2264 123.3560
v  2442.3445 -602.7379 48.4868
v  218.8136 -319.2897 -2072.6641
v  864.9191 -381.5292 -1449.0173
v  622.8448 -313.6137 -1707.3347
v  -662.5646 179.5210 -1835.7861
v  -505.9990 265.1006 -1835.7861
v  -228.9774 140.8321 -1980.7223
v  852.2172 553.8948 -1462.7623
v  695.7417 564.7463 -1304.0812
v  695.7418 389.0041 -1449.0173
v  16.6297 -24.0585 -2069.9734
v  2543.6777 553.8948 -305.9807
v  2223.9421 887.8837 331.6783
v  2849.1404 607.4276 331.6783
v  921.8467 141.3378 -1700.9341
v  -784.6170 -275.0670 -1109.0299
v  -611.2892 -294.3893 -1312.9102
v  -725.6778 -399.3354 -1320.6046
v  -846.7443 -374.5651 -1053.9469
v  1790.5081 313.7564 -1230.0300
v  1424.7644 282.2198 -1438.7321
v  1494.7672 370.9857 -1447.7026
v  -336.8216 646.6294 -1656.9537
v  628.6738 -314.5140 -1709.3176
v  858.7811 -376.5830 -1455.5822
v  862.0312 -382.7284 -1452.8539
v  867.8072 -380.3300 -1445.1807
v  2454.3230 469.5694 -945.4103
v  2277.9651 559.0398 -764.2260
v  -44.4769 -172.4531 -2066.7961
v  154.3535 -165.5129 -2088.3848
v  543.5264 -297.1070 -2225.7283
v  1091.3344 -325.3581 -1610.7412
v  800.6342 -277.3123 -1834.0194
v  1018.5405 76.5579 -1700.8499
v  723.6579 -33.7310 -1893.5903
v  298.5255 -326.7177 -2066.4692
v  360.6640 -241.4654 -2088.3848
v  1484.5579 -358.8889 -1447.8442
v  1886.9060 -392.1834 -1346.6895
v  -748.8104 374.0228 -1640.7346
v  -61.3984 -93.9649 -2062.5032
v  -52.3076 -95.8015 -2074.2014
v  1052.6443 0.0173 -1700.7777
v  733.8266 -74.2504 -1892.9019
v  1640.8887 -867.6504 -843.5136
v  1379.9211 -936.3397 -575.0181
v  1572.5298 -993.3394 -477.8953
v  1377.2198 -975.7983 -207.2985
v  1876.7539 -508.2578 -1034.9788
v  2028.0300 -399.3354 -1109.0299
v  2062.9309 -487.4521 -958.4963
v  42.9831 -329.4099 -1886.7970
v  215.0301 -317.4519 -2069.9734
v  307.1853 -395.4697 -1802.4803
v  40.5123 -488.7640 -1631.4393
v  1416.7705 780.8651 -871.3591
v  1640.8887 867.6508 -843.5136
v  1019.0035 -76.6057 -1700.6099
v  709.0045 -113.5493 -1891.7950
v  864.9191 381.5296 -1449.0173
v  938.4631 359.3930 -1607.6985
v  864.9191 183.2173 -1538.2686
v  -657.0089 -0.4843 -1518.9874
v  -638.5363 0.1166 -1518.5393
v  -647.6545 0.4849 -1512.3242
v  -634.2718 110.5923 -1517.5857
v  -451.3179 1.4434 -1656.2461
v  -460.1313 6.9019 -1647.9617
v  -444.8569 6.7708 -1657.2423
v  695.7416 -564.7459 -1304.0812
v  695.7416 -389.0038 -1449.0173
v  613.1883 35.1137 -1812.5062
v  1206.8838 330.9939 -1601.6995
v  1143.9404 238.7151 -1593.6185
v  778.6971 -193.0809 -1534.7837
v  615.8600 -165.5036 -1808.0605
v  785.2784 -195.9228 -1541.7533
v  -1735.2292 -206.7309 -401.0143
v  -1700.7246 -91.8656 -494.2147
v  -1004.9217 524.6014 -972.7910
v  -1300.8894 510.8943 -697.8768
v  -1291.4272 508.1622 -692.5956
v  -1494.9558 348.2315 -697.6440
v  -1183.0867 384.9442 -917.1379
v  -1041.4929 652.8069 -697.3318
v  -1625.1189 556.7209 -297.9362
v  -876.3362 469.2999 -874.1182
v  -1565.0398 450.0502 -495.5989
v  -875.7990 140.2282 -1109.0299
v  471.5073 879.8702 -819.4557
v  695.7415 845.2021 -871.3591
v  861.2453 -185.2505 -1540.6821
v  790.8774 -281.0999 -1831.0538
v  941.6227 -357.5704 -1604.6239
v  -1227.1252 -637.4293 -225.7471
v  1906.8469 -216.1187 -1230.0300
v  -519.0563 653.2341 -1351.1604
v  -662.5643 568.5244 -1403.0640
v  782.2964 195.8858 -1542.4563
v  680.2152 2.0576 -1893.9320
v  -171.4317 -939.1375 -0.0001
v  253.6608 -996.9829 -0.0001
v  1174.5043 1157.7950 686.8936
v  1349.0503 1092.9083 398.9553
v  698.5206 199.6476 -1542.0366
v  568.6319 39.2694 -1812.2496
v  -510.8513 133.6930 -1787.7219
v  218.5527 50.6298 -2073.0923
v  67.7523 5.2001 -2073.6499
v  -99.6053 190.5750 -1984.6860
v  -9.4254 84.9915 -2104.5566
v  262.7517 -23.4494 -2159.0840
v  89.0023 114.8311 -2104.0881
v  -1330.6240 607.5533 -495.4905
v  -25.4849 -58.1096 -2074.5825
v  154.3535 -102.9570 -2088.3848
v  -508.0451 465.3055 -1644.1409
v  -658.5290 566.6907 -1400.5471
v  -666.5991 570.3580 -1405.5807
v  -783.1592 648.7232 -1133.6470
v  -901.8791 586.0723 -1102.7942
v  -320.4781 586.5886 -1518.1643
v  -523.0635 655.4799 -1352.7216
v  -941.7011 463.5540 -1401.4518
v  -336.1757 646.3680 -1652.2872
v  -722.8297 470.8778 -1520.6990
v  1064.0715 -831.4449 -874.0398
v  1415.2727 -778.8382 -867.9996
v  1418.2694 -782.8912 -874.7185
v  1637.5005 -866.5423 -839.8101
v  1661.6904 -687.8093 -1008.6248
v  1746.1113 -704.9598 -873.4600
v  1298.1602 -861.2409 -782.6242
v  1611.9214 -659.2419 -1154.3402
v  1676.1758 -801.8616 -757.8016
v  -628.1417 -110.1761 -1515.6559
v  -25.2872 -216.1186 -1449.0173
v  -207.5215 -787.4688 -819.4556
v  -351.0292 -702.7592 -871.3591
v  -1275.1812 508.7768 -708.7150
v  -1011.2067 523.5712 -973.6217
v  -678.3111 -484.2209 -1059.5175
v  1289.9592 -736.6270 -1020.1779
v  795.7557 -279.2061 -1832.5369
v  -1526.7524 198.3125 -0.0001
v  -1842.9189 295.9506 -102.9374
v  3055.1877 127.6681 429.3366
v  -1593.4189 730.9452 94.4941
v  -1001.7746 -243.9859 -1078.4019
v  2378.0320 -552.4795 -246.2760
v  145.1674 -123.6737 -2088.3845
v  604.6079 -274.4776 -2224.4553
v  198.5330 -202.5903 -2088.3848
v  978.7080 -110.0107 -1700.4547
v  -19.5253 -209.2285 -2066.8669
v  20.9061 -243.1166 -2066.9097
v  494.5326 56.1061 -1863.2377
v  550.3632 -217.9684 -1867.0880
v  381.5408 -330.6523 -2066.7830
v  635.0582 -203.5277 -1910.6515
v  694.0912 -165.9386 -1980.3500
v  295.8189 58.9147 -2066.0254
v  172.3729 -185.0276 -2088.3848
v  -908.3801 -0.0221 -1113.5681
v  -624.8582 -109.8858 -1511.5603
v  -776.5067 63.1816 -1306.7745
v  -776.5064 -63.1811 -1306.7745
v  -413.4664 -46.8834 -1488.7819
v  145.1674 -144.7962 -2088.3848
v  -176.6812 917.7548 -220.0310
v  2370.7908 -678.8743 310.1477
v  1298.5795 858.9117 -779.6017
v  -1489.6228 347.1638 -695.2362
v  152.3125 -299.1259 -2302.7058
v  2275.6492 371.3898 -1000.0565
v  1906.8469 216.1193 -1230.0300
v  1298.5797 -858.9114 -779.6018
v  1855.0747 -110.1762 -1155.9789
v  2181.1409 -553.8234 -701.4885
v  2436.4600 521.7574 -600.2026
v  2545.4839 459.2190 -422.3034
v  51.4685 -490.9534 -1978.5454
v  1621.9324 1112.5758 785.0142
v  861.1950 -292.5950 -1534.1503
v  314.4821 -237.3446 -2088.3848
v  -97.5687 189.2097 -1980.7223
v  152.3124 30.6558 -2302.7058
v  -3.8215 85.5957 -2102.0620
v  172.3728 -83.4423 -2088.3845
v  314.4818 -31.1253 -2088.3848
v  854.5540 -552.4382 -1458.9576
v  769.1778 -480.4854 -1415.3237
v  695.7791 -391.1998 -1452.2817
v  936.1156 -454.4958 -1501.1544
v  3187.4951 240.9941 331.6783
v  485.7000 -216.5054 -2174.4551
v  -754.6844 374.0976 -1643.0995
v  -742.9356 373.9479 -1638.3695
v  -835.7820 430.0316 -1264.8252
v  -526.7858 363.7193 -1737.3605
v  -509.2475 266.3119 -1839.4722
v  -731.5696 397.8301 -1320.9366
v  852.2173 -553.8944 -1462.7623
v  880.9499 1077.6378 353.0827
v  1662.0916 -68.7385 -1438.7321
v  -682.8593 309.6249 -1622.6543
v  -3.6886 -469.5687 -1304.0812
v  1876.4678 -608.8526 -976.2662
v  -315.2233 335.3341 -1835.7861
v  -1994.6067 -197.0106 10.1148
v  969.6241 261.9258 -1616.6569
v  -255.8428 -47.1386 -2026.6008
v  -461.5654 -56.6925 -1978.5115
v  -117.3030 -93.4892 -1747.8311
v  85.4446 -381.1842 -2101.7627
# 451 vertices

vn 0.6552 0.6824 -0.3240
vn 0.0975 -0.9904 -0.0975
vn 0.4701 -0.8796 0.0732
vn -0.4537 0.8758 -0.1645
vn -0.4544 0.8748 -0.1682
vn 0.0603 0.8100 -0.5834
vn -0.8835 0.0870 -0.4602
vn 0.3313 -0.5532 -0.7643
vn 0.8473 -0.4529 -0.2774
vn 0.7205 -0.2742 -0.6370
vn -0.8907 0.2702 -0.3656
vn -0.8529 0.0840 -0.5153
vn 0.9229 0.1926 -0.3334
vn 0.4912 0.1490 -0.8582
vn -0.9561 -0.2900 -0.0424
vn -0.1011 0.7348 -0.6707
vn -0.2587 0.9302 -0.2604
vn -0.9226 0.3855 0.0120
vn -0.5601 -0.6825 -0.4696
vn 0.9036 0.0366 -0.4267
vn 0.8288 0.2167 -0.5159
vn 0.6396 0.4066 -0.6523
vn -0.5482 -0.2930 -0.7834
vn 0.8005 -0.3360 -0.4963
vn 0.0564 -0.7574 0.6506
vn -0.0440 0.9601 -0.2763
vn 0.5511 -0.7410 -0.3836
vn 0.4879 -0.8623 -0.1360
vn 0.7667 0.2326 -0.5984
vn 0.7586 0.5895 -0.2774
vn 0.8991 -0.2727 -0.3425
vn -0.4581 0.8740 -0.1622
vn -0.8770 0.2660 -0.4000
vn 0.6338 -0.7723 -0.0429
vn 0.0820 -0.8013 -0.5927
vn -0.3658 -0.3002 -0.8810
vn -0.9140 -0.0900 -0.3956
vn -0.4191 -0.8611 -0.2878
vn 0.8026 0.0791 -0.5912
vn 0.7255 -0.3878 -0.5686
vn 0.0354 -0.9651 -0.2594
vn -0.4036 -0.4918 -0.7715
vn 0.0638 0.8185 -0.5710
vn 0.0952 0.9663 -0.2391
vn 0.3566 0.6547 -0.6665
vn 0.4204 0.4891 0.7642
vn 0.3526 0.3516 -0.8672
vn 0.5900 0.5510 -0.5902
vn -0.8774 -0.4774 0.0478
vn 0.1618 0.9415 -0.2957
vn -0.8108 0.5013 -0.3023
vn 0.5686 -0.7323 -0.3748
vn -0.4079 -0.6067 0.6823
vn 0.7156 -0.5569 -0.4216
vn 0.0865 -0.8786 -0.4696
vn -0.7635 0.4081 -0.5006
vn -0.1251 -0.6958 -0.7073
vn -0.7475 -0.6380 -0.1848
vn -0.0942 -0.0286 -0.9951
vn -0.0943 -0.0286 -0.9951
vn 0.8942 -0.0439 -0.4455
vn 0.5938 0.7497 -0.2920
vn -0.2059 0.7939 -0.5721
vn 0.8534 -0.5179 -0.0586
vn 0.8844 0.3001 -0.3575
vn 0.7717 0.2341 -0.5913
vn -0.6738 0.6614 -0.3294
vn 0.3125 0.3728 -0.8737
vn 0.4548 0.5748 0.6803
vn 0.9096 0.2392 -0.3397
vn 0.6013 0.7982 -0.0363
vn -0.7889 0.6134 0.0384
vn 0.9737 0.2105 -0.0868
vn 0.7477 0.2717 0.6058
vn -0.8863 -0.2894 0.3615
vn 0.5711 -0.6678 -0.4774
vn 0.8792 -0.4700 -0.0781
vn 0.3231 -0.3928 -0.8610
vn 0.7287 -0.6408 -0.2414
vn 0.6146 0.4640 -0.6379
vn -0.2405 -0.9376 0.2511
vn 0.8109 0.5814 0.0671
vn -0.7729 0.4064 -0.4873
vn 0.4678 -0.2500 -0.8477
vn 0.4678 -0.2500 -0.8478
vn 0.7822 -0.2373 -0.5760
vn -0.2779 -0.9161 -0.2890
vn -0.2799 -0.9228 -0.2649
vn 0.7205 0.2742 -0.6370
vn -0.2623 0.9279 -0.2649
vn -0.2614 0.9282 -0.2649
vn 0.7123 -0.5449 -0.4424
vn -0.1710 -0.7219 0.6705
vn 0.9558 0.2899 -0.0494
vn 0.5601 0.6825 -0.4696
vn -0.3342 -0.8998 0.2806
vn 0.2423 -0.7060 -0.6655
vn -0.6174 -0.7459 -0.2501
vn -0.7091 0.0383 0.7041
vn 0.7463 -0.6629 0.0602
vn -0.5936 0.7974 -0.1086
vn 0.7441 0.0637 -0.6651
vn 0.3506 -0.7452 0.5672
vn -0.8625 -0.4950 -0.1048
vn 0.4974 0.0490 -0.8662
vn 0.5921 0.1796 -0.7856
vn 0.7895 0.2322 -0.5682
vn -0.4008 0.7903 -0.4635
vn -0.6785 0.5568 -0.4791
vn 0.0851 -0.8106 -0.5793
vn -0.8074 0.4316 -0.4023
vn -0.7078 0.0697 0.7030
vn 0.0976 -0.9904 -0.0975
vn -0.1214 0.9831 -0.1374
vn -0.0949 0.9631 -0.2518
vn -0.3725 -0.9236 -0.0903
vn -0.3699 -0.9244 -0.0930
vn -0.5036 -0.8639 -0.0085
vn -0.7268 -0.6464 -0.2323
vn 0.2979 0.7016 0.6473
vn -0.9124 0.3889 -0.1275
vn -0.7512 -0.6552 -0.0798
vn -0.9354 0.3537 0.0009
vn 0.9370 -0.3492 -0.0133
vn -0.4495 0.8574 -0.2505
vn 0.7013 -0.7109 0.0534
vn 0.9136 -0.0900 -0.3965
vn 0.8081 -0.0796 -0.5837
vn 0.0701 0.2310 -0.9704
vn -0.7514 0.1723 -0.6370
vn -0.7786 -0.4162 -0.4696
vn -0.6825 -0.5601 -0.4696
vn 0.8956 0.0882 -0.4361
vn 0.5801 -0.1637 -0.7979
vn 0.5608 -0.5655 0.6048
vn -0.5278 0.5599 -0.6387
vn 0.9333 -0.3152 -0.1720
vn 0.9024 -0.4123 -0.1250
vn 0.9821 0.0035 -0.1882
vn -0.0520 0.8518 0.5212
vn -0.8994 -0.2672 -0.3460
vn 0.9012 -0.1755 -0.3963
vn -0.3658 0.3002 -0.8810
vn 0.5274 0.5785 -0.6222
vn -0.1443 0.8459 -0.5134
vn -0.0698 0.7091 -0.7016
vn -0.0942 0.0286 -0.9951
vn -0.2790 0.0846 -0.9565
vn 0.6722 0.6647 -0.3261
vn -0.2097 0.7636 -0.6107
vn -0.8124 0.1840 0.5533
vn -0.8027 -0.4343 -0.4088
vn -0.9370 0.1491 -0.3158
vn 0.7148 -0.4454 -0.5391
vn 0.6274 -0.2698 -0.7305
vn -0.4513 0.8443 -0.2890
vn -0.2624 0.9280 -0.2644
vn 0.8530 0.3140 -0.4169
vn -0.4838 0.6537 0.5820
vn 0.2251 0.5749 -0.7867
vn 0.4748 0.8244 -0.3082
vn 0.1963 -0.6059 0.7710
vn 0.0483 -0.6365 -0.7697
vn 0.8654 -0.4968 -0.0648
vn -0.5384 -0.2920 0.7905
vn 0.2335 -0.1996 -0.9517
vn -0.9153 0.3658 -0.1685
vn -0.6866 -0.6171 0.3844
vn 0.0642 0.9977 0.0214
vn 0.7632 -0.4428 -0.4707
vn -0.0555 -0.7480 0.6614
vn 0.6980 -0.2105 -0.6844
vn 0.5900 -0.0356 0.8066
vn 0.4851 -0.1050 -0.8681
vn 0.6201 0.5099 -0.5961
vn -0.6538 0.5366 -0.5335
vn -0.9805 -0.0078 -0.1961
vn -0.7110 -0.6860 -0.1545
vn -0.1547 0.9447 -0.2890
vn 0.6477 -0.6417 -0.4107
vn -0.2891 -0.6760 0.6778
vn -0.0598 -0.9141 -0.4010
vn 0.1503 -0.9735 0.1724
vn 0.5150 -0.5934 -0.6186
vn 0.4411 -0.8252 -0.3527
vn -0.8911 0.4527 -0.0310
vn 0.7949 -0.4594 -0.3963
vn 0.0811 -0.9853 -0.1500
vn -0.0983 0.9842 0.1472
vn 0.4282 0.8012 -0.4180
vn -0.0114 0.9584 -0.2853
vn 0.4739 -0.8146 -0.3343
vn -0.5241 -0.5093 0.6826
vn -0.9214 0.1931 -0.3372
vn -0.7891 0.6107 -0.0651
vn 0.1314 -0.7330 -0.6674
vn 0.0404 0.9749 -0.2190
vn -0.8307 -0.5485 -0.0949
vn 0.4952 -0.3301 0.8036
vn 0.8113 0.2461 -0.5302
vn 0.7361 0.6222 -0.2665
vn 0.4596 -0.5634 -0.6865
vn -0.0464 -0.4709 -0.8810
vn 0.9524 -0.2889 -0.0976
vn 0.8943 0.0881 -0.4386
vn -0.4154 0.7918 -0.4477
vn -0.6885 -0.2904 0.6645
vn -0.9870 0.1585 0.0252
vn -0.3090 -0.0790 0.9478
vn -0.0905 -0.0992 -0.9909
vn -0.8473 0.5261 0.0723
vn 0.0958 -0.6930 0.7146
vn -0.1788 0.9706 -0.1610
vn -0.7896 -0.0138 0.6135
vn 0.5404 -0.1916 -0.8193
vn 0.5792 0.7251 -0.3724
vn 0.7439 0.0987 -0.6609
vn 0.0065 0.9876 0.1570
vn 0.8444 -0.2740 -0.4603
vn -0.8452 -0.5170 0.1352
vn -0.5961 -0.6334 -0.4934
vn 0.7591 0.3238 0.5648
vn 0.8678 -0.4635 -0.1793
vn 0.2950 0.7659 -0.5713
vn 0.7444 -0.6115 -0.2681
vn -0.1311 0.9610 -0.2433
vn -0.5358 -0.2277 -0.8131
vn 0.6290 0.3110 0.7125
vn 0.4515 -0.8922 -0.0058
vn -0.7488 0.6140 0.2496
vn 0.2056 -0.9375 0.2807
vn 0.2101 -0.1127 0.9712
vn -0.0377 -0.7522 0.6578
vn 0.5211 -0.0513 -0.8519
vn -0.3404 0.7990 -0.4958
vn 0.1599 0.0157 -0.9870
vn 0.9267 -0.2071 -0.3136
vn -0.7469 0.6336 -0.2016
vn 0.0691 -0.6480 0.7585
vn -0.4095 0.2889 -0.8653
vn 0.7136 -0.6994 0.0413
vn 0.0354 0.9651 -0.2594
vn 0.0865 0.8786 -0.4696
vn -0.9885 0.0291 0.1487
vn 0.9782 -0.1998 -0.0567
vn -0.9139 -0.0251 0.4052
vn 0.5136 0.8270 0.2286
vn 0.8899 0.1885 -0.4154
vn -0.1589 -0.9754 -0.1527
vn -0.7656 -0.6283 0.1385
vn -0.4996 -0.4100 -0.7631
vn 0.2998 -0.0909 -0.9497
vn -0.1852 0.9703 -0.1558
vn -0.5656 0.7828 -0.2594
vn -0.3794 0.6745 -0.6333
vn 0.8031 0.1908 -0.5646
vn 0.3886 -0.7715 0.5038
vn 0.8249 -0.2288 -0.5168
vn 0.1602 -0.7510 0.6406
vn -0.3736 -0.9229 -0.0932
vn -0.2889 -0.9524 -0.0976
vn 0.0731 0.9511 -0.3000
vn 0.8264 0.2199 -0.5184
vn 0.4164 -0.7456 0.5202
vn -0.7070 0.3779 -0.5978
vn -0.2571 0.1374 -0.9565
vn -0.2571 0.1374 -0.9566
vn -0.9315 -0.3636 -0.0081
vn 0.9825 -0.0188 -0.1855
vn -0.3547 -0.9043 -0.2375
vn 0.6066 0.7551 -0.2485
vn -0.6801 -0.7301 -0.0665
vn 0.3285 0.9272 -0.1800
vn -0.9719 0.0385 -0.2323
vn 0.6996 0.7124 0.0552
vn 0.9407 0.3393 -0.0057
vn -0.2964 0.7753 -0.5578
vn -0.2381 -0.1048 -0.9656
vn 0.7154 0.6949 0.0731
vn -0.7644 -0.5188 0.3829
vn 0.4855 0.6762 -0.5540
vn -0.9963 -0.0265 -0.0820
vn 0.0225 0.8061 -0.5913
vn -0.3170 -0.5779 -0.7520
vn -0.2165 -0.6960 0.6847
vn -0.9035 0.0210 -0.4281
vn 0.0989 0.9199 -0.3796
vn 0.0162 -0.9959 0.0886
vn -0.4154 -0.0866 -0.9055
vn 0.2892 0.8477 -0.4447
vn 0.8068 -0.4773 -0.3482
vn 0.2611 -0.3225 0.9099
vn 0.8710 0.1907 0.4528
vn 0.7278 0.0750 0.6817
vn 0.0026 -0.9136 0.4067
vn -0.8165 0.5133 0.2642
vn 0.6314 -0.7735 -0.0549
vn -0.2183 -0.5464 0.8086
vn 0.2194 0.5482 -0.8071
vn -0.2862 0.9477 -0.1413
vn -0.2874 -0.1321 0.9487
vn -0.7377 0.6431 -0.2053
vn 0.4682 -0.8803 0.0758
vn -0.4850 -0.2955 -0.8231
vn 0.3779 0.6712 0.6377
vn 0.7329 -0.6484 0.2060
vn 0.2912 -0.9560 0.0365
vn -0.7575 0.6477 0.0816
vn 0.1426 -0.2629 -0.9542
vn 0.5605 0.1346 -0.8172
vn 0.6635 0.1155 0.7392
vn -0.0753 -0.8759 -0.4765
vn 0.5705 0.4174 0.7073
vn 0.1900 0.0576 -0.9801
vn -0.5656 -0.7828 -0.2594
vn -0.1051 0.7768 -0.6209
vn -0.7944 0.2896 0.5339
vn 0.9946 -0.0980 -0.0348
vn 0.0077 0.7751 -0.6318
vn -0.7643 0.3947 0.5101
vn -0.5119 0.0126 -0.8590
vn 0.3062 0.9322 0.1929
vn -0.6919 0.5678 -0.4460
vn -0.9897 0.0812 -0.1182
vn -0.4913 -0.5987 -0.6326
vn -0.5682 -0.7619 -0.3109
vn 0.4620 0.8735 0.1536
vn -0.7677 0.2544 0.5881
vn -0.7694 -0.5115 0.3826
vn -0.7675 -0.3238 -0.5533
vn -0.0464 0.4709 -0.8810
vn 0.5487 0.5295 -0.6469
vn 0.1243 0.7575 -0.6409
vn -0.7215 0.4952 0.4840
vn 0.9922 0.0174 -0.1233
vn 0.9220 -0.3443 -0.1770
vn 0.5771 -0.8030 0.1486
vn 0.7776 -0.5916 -0.2132
vn -0.0464 -0.9927 -0.1109
vn -0.6131 0.6481 0.4517
vn 0.4893 -0.8018 -0.3430
vn 0.2205 -0.8093 -0.5445
vn -0.9183 -0.2716 -0.2879
vn 0.2806 -0.6869 0.6704
vn -0.6040 -0.7856 0.1342
vn 0.0938 -0.9527 -0.2890
vn -0.0975 -0.9897 -0.1050
vn 0.9904 -0.0976 -0.0976
vn 0.9904 -0.0975 -0.0976
vn 0.2441 0.7213 -0.6482
vn -0.6662 0.5909 0.4550
vn -0.1797 0.9703 -0.1617
vn -0.7979 0.0072 -0.6027
vn 0.2659 -0.8458 -0.4625
vn 0.6229 -0.0774 -0.7785
vn -0.8594 0.5095 -0.0432
vn 0.6382 -0.7132 -0.2899
vn 0.9176 -0.1352 -0.3739
vn -0.7943 -0.3374 -0.5053
vn 0.4730 -0.7218 -0.5053
vn 0.8455 -0.2991 -0.4423
vn -0.8461 0.3322 0.4169
vn 0.3655 0.6633 -0.6530
vn -0.5979 0.6813 0.4223
vn 0.1963 0.0193 -0.9804
vn 0.1418 0.6712 0.7276
vn 0.2139 -0.3823 0.8989
vn -0.4858 0.4836 -0.7281
vn 0.6814 -0.3118 -0.6622
vn 0.1751 -0.6231 -0.7623
vn 0.2994 -0.5855 -0.7534
vn 0.5489 -0.7264 0.4136
vn -0.0615 -0.6711 0.7388
vn 0.5676 0.5576 -0.6057
vn 0.9786 -0.1967 -0.0603
vn 0.4887 -0.6465 -0.5858
vn 0.8441 0.5240 -0.1139
vn 0.0744 0.7216 -0.6883
vn -0.7598 -0.2508 0.5998
vn 0.9989 -0.0043 -0.0475
vn -0.7970 -0.3823 0.4675
vn -0.9805 0.1854 0.0657
vn -0.8038 -0.4280 0.4131
vn -0.5430 0.2869 0.7892
vn 0.5671 -0.7206 -0.3990
vn 0.2763 0.9575 -0.0828
vn -0.9158 -0.3647 -0.1681
vn 0.0709 -0.0852 0.9938
vn -0.2899 -0.9532 0.0858
vn -0.3855 0.5748 -0.7218
vn -0.8151 0.5238 -0.2474
vn 0.7744 0.4287 -0.4653
vn 0.7353 0.5974 0.3202
vn 0.1283 0.0146 0.9916
vn -0.5169 0.6829 -0.5162
vn 0.8342 0.0809 0.5456
vn -0.9619 0.0903 0.2582
vn -0.6417 0.4214 -0.6408
vn 0.5161 -0.6852 0.5140
vn -0.8414 0.5341 -0.0824
vn 0.1475 -0.6483 -0.7469
vn 0.8446 -0.5293 0.0811
vn -0.0984 0.0136 -0.9951
vn -0.6696 -0.6846 -0.2879
vn 0.4651 0.7048 -0.5356
vn 0.0759 0.7708 -0.6326
vn 0.4862 0.5792 -0.6543
vn -0.5159 0.7652 0.3851
vn -0.8042 -0.5265 -0.2759
vn 0.8562 0.5155 -0.0349
vn -0.5012 0.0399 0.8644
vn 0.0759 -0.7708 -0.6326
vn 0.4651 -0.7048 -0.5356
vn 0.3630 0.6137 -0.7012
vn 0.9232 0.1742 -0.3427
vn -0.1963 0.5988 -0.7765
vn -0.8118 0.1346 -0.5682
vn -0.3786 -0.4988 0.7796
vn 0.3669 0.5191 -0.7719
vn -0.0750 -0.6416 -0.7634
vn 0.0728 -0.6454 0.7604
vn 0.4424 0.5758 -0.6876
vn 0.7275 -0.0283 -0.6855
vn 0.5286 -0.6193 -0.5805
vn 0.4529 0.8504 0.2677
vn -0.0972 0.9867 -0.1303
vn -0.3414 0.9205 -0.1902
vn 0.5481 0.5741 -0.6083
vn -0.4691 0.7864 0.4018
vn 0.8578 -0.5096 -0.0664
vn -0.2002 0.7936 -0.5745
vn 0.0260 0.2323 0.9723
vn 0.6184 0.6244 -0.4772
vn -0.6133 0.6598 -0.4341
vn 0.6806 -0.4251 -0.5968
vn 0.1487 -0.4774 0.8660
vn -0.8719 0.4783 -0.1049
vn -0.6986 0.6602 -0.2756
vn 0.5645 0.3017 -0.7684
vn 0.4447 0.2377 -0.8636
vn -0.2002 -0.7936 -0.5745
vn 0.3417 -0.6393 -0.6889
vn -0.9746 0.1400 -0.1748
vn -0.4913 0.5987 -0.6326
vn -0.7620 -0.4833 -0.4311
vn 0.1867 0.1689 -0.9678
vn 0.8230 0.3741 -0.4275
vn -0.9066 -0.4129 0.0877
vn -0.9856 -0.1670 0.0264
vn 0.7879 -0.5528 -0.2715
vn 0.5365 -0.4440 -0.7176
vn 0.9348 0.2261 -0.2739
vn 0.9998 0.0143 0.0137
vn -0.4174 -0.7830 0.4611
vn -0.0599 -0.1072 -0.9924
vn 0.5278 -0.1601 -0.8342
vn 0.7862 0.4634 0.4089
vn -0.1028 0.9679 -0.2295
vn 0.1379 -0.2681 -0.9535
vn 0.9187 0.2773 0.2812
vn -0.5810 -0.1763 -0.7946
vn -0.9341 -0.2833 -0.2174
vn 0.7608 -0.3693 -0.5337
vn 0.4374 -0.0915 0.8946
vn 0.1780 -0.6818 -0.7095
vn -0.1143 -0.8440 -0.5241
vn -0.5884 0.7170 -0.3738
vn -0.4455 0.8335 -0.3267
vn -0.8797 0.0038 -0.4754
vn -0.3002 0.3658 -0.8810
vn 0.2177 0.7028 -0.6772
vn 0.3189 0.5685 0.7583
vn 0.7792 0.3744 -0.5027
vn 0.4589 0.1003 0.8828
vn -0.2654 -0.8632 -0.4295
vn 0.1525 0.0460 -0.9872
vn 0.9080 -0.3064 0.2859
vn 0.3342 0.8929 0.3017
vn -1.0000 0.0011 -0.0011
vn -0.0900 0.9935 -0.0693
vn -0.1511 -0.0460 0.9874
vn -0.4856 0.3930 0.7809
vn 0.9404 -0.2289 0.2516
vn 0.0262 -0.3161 0.9484
vn 0.9898 -0.0850 -0.1139
vn -0.6352 0.4744 0.6095
vn 0.8831 0.4568 -0.1072
vn -0.9188 -0.3349 -0.2090
vn 0.8929 0.2708 -0.3598
vn 0.9474 0.0933 -0.3062
vn -0.4308 -0.6687 0.6061
vn -0.6217 0.0192 -0.7830
vn -0.0955 -0.6370 0.7650
vn -0.0121 0.0108 -0.9999
vn 0.1803 0.9611 -0.2092
vn 0.8795 0.3758 0.2918
vn 0.7958 -0.1927 0.5741
vn 0.1302 -0.9039 0.4074
vn 0.0923 0.6275 -0.7731
vn -0.6353 0.7722 -0.0096
vn 0.8331 0.2659 0.4850
vn -0.7181 -0.6954 -0.0263
vn -0.4789 -0.8688 0.1260
vn -0.1423 0.9041 -0.4029
vn -0.6986 -0.6602 -0.2756
vn -0.8562 -0.4363 -0.2768
vn -0.0810 -0.9566 -0.2798
vn -0.1443 -0.8459 -0.5134
vn -0.8118 -0.1346 -0.5682
vn 0.7115 0.6581 -0.2464
vn -0.8217 0.2493 -0.5125
vn -0.8317 -0.4302 -0.3511
vn -0.1159 0.9523 -0.2823
vn 0.9074 0.1343 -0.3983
vn 0.4966 -0.1506 -0.8548
vn 0.7442 -0.1983 -0.6378
vn 0.1867 -0.1689 -0.9678
vn -0.3826 -0.3624 -0.8499
vn -0.7667 -0.2700 0.5824
vn -0.6952 -0.2131 -0.6865
vn -0.4713 -0.8817 0.0214
vn 0.7740 -0.1000 -0.6253
vn 0.9989 0.0152 0.0436
vn -0.8961 -0.4287 -0.1150
vn -0.2231 0.4173 -0.8810
vn -0.0791 0.6730 -0.7354
vn 0.9120 -0.4054 -0.0619
vn 0.9350 -0.0335 -0.3529
vn -0.8863 -0.2688 -0.3772
vn -0.8442 -0.4334 0.3155
vn -0.0884 -0.9728 0.2141
vn 0.9794 0.1688 0.1109
vn 0.2892 0.3299 -0.8986
vn -0.3328 0.6003 -0.7273
vn 0.7621 0.4073 -0.5033
vn 0.8315 0.4445 -0.3333
vn 0.8315 0.4444 -0.3333
vn 0.4730 0.7218 -0.5053
vn 0.1340 0.7823 -0.6083
vn 0.6644 -0.7468 -0.0284
vn 0.6105 0.4775 -0.6319
vn 0.7016 0.4525 -0.5505
vn -0.2811 0.9408 -0.1893
vn -0.6992 -0.5739 -0.4263
vn -0.8950 0.3463 0.2812
vn 0.8315 -0.5407 0.1273
vn -0.7783 -0.3276 -0.5356
vn 0.9993 -0.0039 0.0367
vn 0.8231 0.0340 -0.5669
vn -0.5583 -0.0269 -0.8292
vn -0.7921 -0.2149 0.5713
vn -0.5491 -0.4605 -0.6975
vn -0.3674 -0.4697 0.8027
vn -0.4455 -0.8335 -0.3267
vn -0.4513 -0.8443 -0.2890
vn -0.5979 0.0393 -0.8006
vn -0.6908 0.2041 0.6937
vn -0.2248 -0.7412 -0.6326
vn 0.1495 0.8524 -0.5011
vn 0.0109 0.8852 -0.4652
vn 0.5440 0.6628 -0.5145
vn 0.2264 0.6196 -0.7515
vn 0.4596 0.5634 -0.6865
vn -0.0926 0.9406 -0.3267
vn -0.4200 -0.4989 -0.7581
vn -0.3549 -0.6479 0.6740
vn -0.0938 -0.9527 -0.2890
vn -0.0926 -0.9406 -0.3267
vn -0.8408 0.2607 -0.4744
vn -0.2008 -0.6556 -0.7279
vn 0.1026 -0.0165 0.9946
vn -0.0912 -0.6602 0.7455
vn -0.1297 -0.6338 0.7626
vn 0.5209 -0.1657 -0.8374
vn 0.3288 0.7477 0.5769
vn 0.8946 -0.0814 0.4394
vn 0.1312 0.6562 -0.7431
vn -0.7976 -0.5625 -0.2178
vn 0.0904 0.6517 -0.7530
vn 0.0595 0.6793 -0.7314
vn -0.6201 -0.7791 0.0923
vn -0.5999 -0.7966 0.0745
vn 0.7439 0.6105 -0.2719
vn 0.5326 0.7053 -0.4679
vn 0.0109 -0.8852 -0.4652
vn 0.1218 -0.7636 -0.6341
vn 0.8214 -0.5674 -0.0578
vn 0.5633 -0.6697 -0.4839
vn 0.2052 0.6468 0.7345
vn -0.0168 0.6875 -0.7260
vn 0.0081 -0.7032 0.7110
vn -0.5178 0.4163 -0.7474
vn -0.2868 0.3969 0.8719
vn -0.3114 0.5490 -0.7756
vn -0.1738 0.6136 0.7702
vn -0.2004 0.6144 -0.7631
vn -0.0478 0.6274 0.7773
vn 0.7855 0.1796 -0.5922
vn 0.7509 0.3792 -0.5407
vn -0.5217 -0.0856 -0.8488
vn -0.7896 0.0594 0.6107
vn 0.2047 0.5013 -0.8407
vn 0.7267 -0.0332 0.6861
vn 0.6690 -0.6974 -0.2571
vn 0.7697 -0.5948 -0.2318
vn -0.0762 0.6543 -0.7524
vn 0.9377 0.0934 0.3347
vn -0.9910 0.1093 0.0777
vn 0.7087 0.7030 -0.0602
vn -0.7220 -0.6900 0.0516
vn 0.8719 -0.4196 0.2522
vn -0.0027 0.6599 -0.7514
vn -0.9352 -0.0897 0.3426
vn 0.4164 -0.0527 -0.9076
vn -0.0009 -0.6267 0.7792
vn -0.4058 0.4665 -0.7859
vn -0.2971 0.5757 0.7617
vn 0.0761 0.6329 0.7705
vn -0.1508 0.6665 -0.7301
vn 0.1448 -0.6862 0.7129
vn -0.0976 -0.9904 -0.0975
vn -0.0976 -0.9904 -0.0976
vn 0.8881 -0.3300 -0.3198
vn -0.2239 0.9741 0.0330
vn 0.2776 0.9376 -0.2095
vn -0.9953 0.0144 0.0960
vn -0.7789 0.5466 -0.3074
vn 0.7551 -0.6189 -0.2160
vn 0.8941 -0.3932 -0.2145
vn 0.8387 -0.0016 -0.5446
vn 0.8412 -0.4122 -0.3499
vn -0.7167 0.5882 -0.3747
vn -0.2810 -0.9264 -0.2508
vn 0.7541 -0.4236 -0.5020
vn 0.4851 -0.2593 -0.8351
vn 0.7835 -0.0806 -0.6162
vn 0.4123 0.3384 -0.8459
vn 0.8349 -0.0545 -0.5477
vn 0.4021 -0.2849 -0.8701
vn 0.9946 0.0980 -0.0348
vn 0.8990 0.2698 -0.3450
vn 0.6007 -0.0183 -0.7993
vn 0.7046 0.6414 -0.3036
vn 0.8057 0.3023 0.5093
vn -0.8461 0.2567 -0.4671
vn 0.6023 0.3219 -0.7305
vn 0.6579 -0.0570 -0.7509
vn 0.4713 -0.1823 -0.8629
vn 0.6132 -0.4572 -0.6442
vn -0.8770 -0.2660 -0.4000
vn -0.4036 0.4918 -0.7715
vn -0.6157 -0.7529 0.2324
vn -0.8816 -0.4712 -0.0285
vn -0.3815 0.9080 -0.1731
vn -0.4273 0.8991 -0.0951
vn -0.6068 -0.7246 0.3267
vn -0.9301 -0.2442 0.2742
vn 0.9558 -0.2899 -0.0494
vn -0.2758 0.6652 -0.6939
vn -0.7075 0.3782 -0.5970
vn 0.2893 -0.9538 0.0809
vn -0.2579 0.9280 -0.2690
vn -0.6206 -0.4755 0.6235
vn -0.9475 0.2874 0.1403
vn -0.7730 -0.6344 0.0085
vn 0.6246 -0.5126 -0.5892
vn 0.4402 0.3343 -0.8334
vn -0.4691 -0.8777 -0.0976
vn -0.4691 -0.8777 -0.0975
vn -0.9506 -0.0936 -0.2961
vn -0.8163 -0.4414 -0.3726
vn 0.0984 0.8169 -0.5684
vn 0.0814 0.2572 -0.9629
vn 0.7551 0.6189 -0.2160
vn 0.8941 0.3932 -0.2145
vn 0.0286 0.2902 -0.9565
vn -0.6107 -0.0610 -0.7895
vn 0.9370 -0.2411 -0.2527
vn 0.9184 -0.2149 -0.3322
vn 0.6864 -0.2082 -0.6968
vn -0.7145 0.6934 0.0926
vn -0.8871 0.2371 -0.3960
vn -0.2586 0.9465 -0.1933
vn 0.7657 -0.6284 -0.1372
vn 0.8788 -0.3440 -0.3307
vn -0.3689 0.6901 -0.6227
vn -0.1855 0.7534 -0.6309
vn -0.7709 -0.3439 0.5362
vn 0.2730 0.9600 0.0616
vn 0.7298 0.4135 -0.5443
vn -0.4596 -0.4362 0.7736
vn -0.2841 0.9463 -0.1546
vn 0.7111 0.5659 -0.4173
vn -0.3445 -0.9386 -0.0160
vn -0.9386 -0.0907 0.3328
vn 0.5974 0.2759 0.7530
vn 0.6050 -0.7648 -0.2214
vn -0.7758 0.6114 -0.1558
vn 0.1109 -0.3405 0.9337
vn 0.1217 -0.8113 -0.5718
vn -0.6087 0.0610 -0.7910
vn 0.0748 -0.7597 -0.6460
vn -0.0310 -0.3004 -0.9533
vn 0.0748 0.7597 -0.6460
vn 0.2998 0.0909 -0.9497
vn 0.7777 -0.5521 -0.3005
vn 0.7128 -0.6487 -0.2667
vn -0.0931 -0.9510 0.2947
vn 0.3449 0.5413 0.7668
vn -0.6636 -0.7096 0.2369
vn 0.0075 -0.9993 -0.0374
vn 0.7106 0.6289 -0.3156
vn 0.8317 0.5006 -0.2401
vn -0.1459 -0.9768 0.1566
vn -0.3725 -0.8935 0.2509
vn 0.3496 -0.8269 -0.4405
vn 0.9872 -0.1262 -0.0972
vn 0.5167 -0.6296 -0.5802
vn 0.2687 -0.3274 -0.9059
vn 0.5773 0.5482 -0.6051
vn 0.5019 0.6091 -0.6141
vn -0.9593 -0.2020 -0.1972
vn -0.9675 0.2524 0.0122
vn -0.1817 0.5989 -0.7799
vn 0.3627 0.6423 -0.6752
vn -0.9759 -0.1024 -0.1928
vn 0.6032 -0.7975 0.0151
vn 0.6334 -0.7677 -0.0975
vn 0.6941 -0.7175 0.0582
vn 0.7025 0.4672 -0.5368
vn 0.1599 -0.0157 -0.9870
vn 0.3550 0.6260 -0.6944
vn -0.9140 0.0900 -0.3956
vn 0.0741 -0.9925 -0.0973
vn -0.0304 -0.9960 0.0844
vn 0.6304 0.7607 -0.1549
vn 0.7415 0.6086 -0.2825
vn 0.3347 -0.4900 -0.8049
vn -0.0070 -0.6878 -0.7258
vn -0.1005 0.9853 -0.1380
vn 0.0957 0.9714 -0.2173
vn 0.3252 -0.5667 -0.7571
vn -0.7566 -0.2216 -0.6152
vn -0.5419 -0.3328 -0.7717
vn -0.3822 -0.8601 -0.3377
vn -0.6976 -0.7116 0.0828
vn -0.5401 -0.6581 -0.5246
vn -0.2846 -0.7187 -0.6344
vn -0.8015 -0.4284 -0.4172
vn -0.9390 -0.2211 -0.2634
vn 0.5483 -0.6859 -0.4785
vn -0.1442 -0.8382 -0.5259
vn -0.5840 0.7112 -0.3913
vn -0.4965 0.8181 -0.2900
vn 0.9777 -0.1219 -0.1711
vn 0.8613 -0.2729 -0.4287
vn -0.6206 -0.7562 -0.2072
vn -0.9702 -0.1506 0.1900
vn -0.9175 -0.3873 -0.0909
vn -0.3403 -0.7140 -0.6118
vn -0.3095 -0.8650 -0.3950
vn -0.6107 0.0610 -0.7895
vn 0.0888 -0.9016 -0.4233
vn 0.3140 -0.4203 -0.8513
vn 0.3876 -0.7251 -0.5693
vn -0.2888 -0.8727 -0.3938
vn -0.2127 -0.8516 -0.4792
vn -0.3762 0.4584 -0.8052
vn -0.6890 -0.4428 -0.5738
vn -0.9898 -0.1210 0.0755
vn -0.3980 0.8298 0.3913
vn 0.5649 0.5782 0.5887
vn 0.9322 0.3354 -0.1359
vn 0.6438 0.5087 -0.5716
vn -0.8547 -0.2771 -0.4389
vn 0.5272 0.1682 -0.8329
vn -0.7809 -0.3805 -0.4954
vn -0.6007 -0.6714 -0.4340
vn -0.6559 -0.7415 -0.1417
vn -0.6052 -0.6451 -0.4664
vn -0.6945 -0.6502 -0.3081
vn 0.1448 0.8726 -0.4664
vn 0.2163 0.9264 -0.3081
vn 0.2200 -0.9563 0.1928
vn -0.6052 0.6451 -0.4664
vn -0.6945 0.6502 -0.3081
vn 0.1448 -0.8726 -0.4664
vn 0.2162 -0.9264 -0.3081
vn -0.2202 -0.9494 -0.2237
vn 0.8169 -0.0271 0.5761
vn 0.8543 -0.2093 -0.4759
vn 0.6592 0.0465 -0.7505
vn -0.7641 0.3978 -0.5078
vn 0.0525 0.0218 -0.9984
vn 0.7046 -0.3531 -0.6156
vn 0.5130 -0.1118 -0.8511
vn 0.6672 -0.4126 -0.6202
vn 0.6514 -0.5081 -0.5635
vn -0.2543 -0.2087 -0.9443
vn 0.2657 -0.4128 -0.8712
vn 0.5981 0.0823 -0.7972
vn -0.0295 -0.2994 -0.9537
vn -0.2730 -0.9000 -0.3399
vn -0.0286 -0.0942 -0.9951
vn 0.8929 -0.0879 -0.4417
vn 0.5098 -0.0502 -0.8588
vn 0.9178 -0.3849 -0.0980
vn 0.8616 -0.4605 -0.2134
vn -0.3540 -0.7814 -0.5138
vn -0.2196 -0.0666 -0.9733
vn 0.6506 0.3220 -0.6878
vn 0.9297 0.2234 -0.2930
vn 0.2056 0.6777 -0.7061
vn -0.2547 0.4707 -0.8448
vn -0.7063 0.0696 -0.7045
vn -0.4516 0.4007 -0.7972
vn -0.1418 -0.2653 -0.9537
vn 0.5981 -0.0823 -0.7972
vn -0.0295 0.2994 -0.9537
vn -0.2547 -0.4707 -0.8448
vn 0.2056 -0.6777 -0.7061
vn 0.4586 -0.2187 -0.8613
vn 0.3712 0.2385 -0.8974
vn 0.5658 -0.6895 -0.4522
vn 0.7048 -0.2518 -0.6632
vn 0.4499 0.7498 0.4852
vn -0.6200 -0.7359 0.2720
vn -0.5573 -0.8303 -0.0039
vn -0.7675 0.3238 -0.5533
vn 0.2046 0.6746 -0.7093
vn 0.5408 0.4833 -0.6884
vn 0.9549 0.0581 -0.2913
vn 0.2941 -0.9395 -0.1753
vn -0.9632 0.1841 0.1957
vn 0.3637 0.1667 -0.9165
vn 0.5233 0.2079 -0.8264
vn -0.2801 -0.5241 -0.8042
vn 0.7025 -0.4672 -0.5368
# 838 vertex normals

o mountain_001
g mountain_001
s off
f 1//1 2//1 3//1 
f 4//2 5//2 6//2 
f 7//3 8//3 9//3 
f 10//4 11//4 12//5 
f 13//6 14//6 15//6 
f 16//7 17//7 18//7 
f 19//8 20//8 21//8 
f 22//9 23//9 24//9 
f 25//10 26//10 27//10 
f 28//11 29//11 30//11 
f 31//12 18//12 17//12 
f 32//13 33//13 34//13 
f 35//14 36//14 37//14 
f 38//15 39//15 40//15 
f 41//16 42//16 43//16 
f 44//17 45//17 46//17 
f 47//18 48//18 49//18 
f 50//19 51//19 52//19 
f 36//14 53//14 37//14 
f 34//20 54//20 32//20 
f 55//21 56//21 57//21 
f 58//22 59//22 60//22 
f 61//23 62//23 63//23 
f 64//24 65//24 66//24 
f 65//25 67//25 66//25 
f 68//26 69//26 70//26 
f 71//27 72//27 73//27 
f 74//28 75//28 76//28 
f 77//29 78//29 79//29 
f 80//30 81//30 82//30 
f 83//31 23//31 22//31 
f 11//32 46//32 12//32 
f 29//33 28//33 84//33 
f 85//34 86//34 7//34 
f 87//35 88//35 19//35 
f 89//36 90//36 47//36 
f 91//37 92//37 93//37 
f 52//38 94//38 95//38 
f 96//39 97//39 98//39 
f 99//40 100//40 101//40 
f 102//41 103//41 104//41 
f 105//42 106//42 89//42 
f 14//43 13//43 107//43 
f 70//44 108//44 109//44 
f 64//45 110//45 111//45 
f 110//46 67//46 111//46 
f 15//47 112//47 113//47 
f 56//48 114//48 115//48 
f 116//49 117//49 118//49 
f 116//50 119//50 117//50 
f 120//7 16//7 18//7 
f 121//51 122//51 123//51 
f 64//52 124//52 125//52 
f 124//53 67//53 125//53 
f 126//54 127//54 128//54 
f 129//55 130//55 131//55 
f 132//56 133//56 134//56 
f 89//57 106//57 135//57 
f 136//58 17//58 137//58 
f 40//59 39//59 55//60 
f 138//61 139//61 55//61 
f 69//62 2//62 140//62 
f 141//63 142//63 64//63 
f 141//64 67//64 142//64 
f 143//65 144//65 145//65 
f 53//66 36//66 146//66 
f 147//67 148//67 149//67 
f 42//68 41//68 150//68 
f 151//69 152//69 153//69 
f 154//70 152//70 155//70 
f 156//71 152//71 155//71 
f 157//72 155//72 152//72 
f 156//73 155//73 152//73 
f 152//72 158//72 157//72 
f 152//74 151//74 158//74 
f 154//75 155//75 152//75 
f 159//76 127//76 160//76 
f 22//77 24//77 101//77 
f 20//78 19//78 161//78 
f 75//79 162//79 76//79 
f 56//80 163//80 164//80 
f 38//81 30//81 165//81 
f 119//82 166//82 117//82 
f 118//83 117//83 166//83 
f 167//84 168//84 169//85 
f 170//86 171//86 99//86 
f 172//87 173//87 174//87 
f 102//88 174//88 175//88 
f 176//89 177//89 178//89 
f 179//90 45//90 180//91 
f 64//92 181//92 182//92 
f 181//93 67//93 182//93 
f 183//94 54//94 77//94 
f 1//95 3//95 184//95 
f 30//96 38//96 185//96 
f 90//97 186//97 187//97 
f 188//98 63//98 189//98 
f 190//99 191//99 192//99 
f 193//100 155//100 152//100 
f 193//101 152//101 155//101 
f 194//102 195//102 64//102 
f 196//103 67//103 195//103 
f 136//104 197//104 198//104 
f 92//105 91//105 197//105 
f 35//106 37//106 55//106 
f 71//107 73//107 199//107 
f 121//108 200//108 201//108 
f 148//109 133//109 202//109 
f 130//55 203//55 131//55 
f 88//110 87//110 204//110 
f 205//111 206//111 134//111 
f 191//112 190//112 31//112 
f 207//113 4//113 6//2 
f 208//114 109//114 209//114 
f 44//115 109//115 108//115 
f 210//116 211//116 94//117 
f 212//118 188//118 189//118 
f 213//119 64//119 214//119 
f 67//120 215//120 214//120 
f 216//121 151//121 157//121 
f 217//122 157//122 151//122 
f 218//123 157//123 151//123 
f 153//124 157//124 219//124 
f 217//125 151//125 157//125 
f 220//126 151//126 157//126 
f 221//127 222//127 223//127 
f 171//128 170//128 96//128 
f 224//129 26//129 74//129 
f 225//130 105//130 226//130 
f 227//131 228//131 229//131 
f 51//132 50//132 61//132 
f 146//133 230//133 53//133 
f 231//134 168//134 167//134 
f 216//135 155//135 152//135 
f 216//136 152//136 155//136 
f 232//137 233//137 234//137 
f 86//138 235//138 236//138 
f 237//139 157//139 151//139 
f 153//140 219//140 151//140 
f 238//141 161//141 19//141 
f 139//142 138//142 239//142 
f 240//143 241//143 242//143 
f 163//144 59//144 114//144 
f 13//145 243//145 244//145 
f 114//146 245//146 115//146 
f 39//147 246//147 55//147 
f 30//148 246//148 39//148 
f 247//149 248//149 249//149 
f 250//150 64//150 195//150 
f 250//151 195//151 67//151 
f 251//152 186//152 252//152 
f 251//153 253//153 254//153 
f 143//154 255//154 256//154 
f 256//155 113//155 257//155 
f 149//156 12//156 179//156 
f 258//157 179//157 180//91 
f 259//158 260//158 261//158 
f 259//159 262//159 260//159 
f 263//160 145//160 144//160 
f 263//161 184//161 264//161 
f 265//162 266//162 67//162 
f 265//163 64//163 266//163 
f 64//164 220//164 157//164 
f 67//165 151//165 220//165 
f 237//166 220//166 64//166 
f 237//167 67//167 220//167 
f 267//168 268//168 269//168 
f 267//169 269//169 268//169 
f 64//170 270//170 271//170 
f 270//171 67//171 271//171 
f 272//172 64//172 273//172 
f 272//173 273//173 67//173 
f 20//174 72//174 274//174 
f 231//175 275//175 168//175 
f 241//176 240//176 276//176 
f 84//177 122//177 29//177 
f 117//178 277//178 278//178 
f 117//179 166//179 277//179 
f 64//180 279//180 280//180 
f 279//181 67//181 280//181 
f 131//182 281//182 282//182 
f 283//183 8//183 284//183 
f 285//184 286//184 287//184 
f 126//185 204//185 87//185 
f 48//186 47//186 288//186 
f 75//187 289//187 290//187 
f 291//188 155//188 152//188 
f 291//189 152//189 155//189 
f 14//190 292//190 81//190 
f 69//191 293//191 70//191 
f 64//192 294//192 295//192 
f 294//193 67//193 295//193 
f 296//194 297//194 298//194 
f 298//195 35//195 55//195 
f 116//196 299//196 300//196 
f 116//197 300//197 301//197 
f 302//198 303//198 304//198 
f 302//199 304//199 305//199 
f 54//200 183//200 32//200 
f 3//201 248//201 247//201 
f 306//202 25//202 27//202 
f 307//203 306//203 224//203 
f 232//204 23//204 83//204 
f 34//205 223//205 54//205 
f 141//206 64//206 308//206 
f 67//207 141//207 308//207 
f 141//208 194//208 196//208 
f 309//209 194//209 196//209 
f 250//210 196//210 194//210 
f 194//211 64//211 142//211 
f 67//212 196//212 194//212 
f 194//212 142//212 67//212 
f 141//213 196//213 194//213 
f 195//214 196//214 194//214 
f 310//215 196//215 194//215 
f 250//216 194//216 196//216 
f 195//103 194//103 196//103 
f 195//217 194//217 196//217 
f 311//218 312//218 67//218 
f 313//219 64//219 312//219 
f 191//220 314//220 192//220 
f 17//221 136//221 315//221 
f 316//222 317//222 318//222 
f 319//223 317//223 318//223 
f 320//224 317//224 318//224 
f 321//225 318//225 317//225 
f 322//226 318//226 317//226 
f 323//227 318//227 317//227 
f 324//228 318//228 317//228 
f 324//229 317//229 318//229 
f 321//230 317//230 318//230 
f 322//231 317//231 318//231 
f 319//232 318//232 317//232 
f 320//233 318//233 317//233 
f 16//234 120//234 325//234 
f 200//235 121//235 123//235 
f 98//236 97//236 146//236 
f 255//237 143//237 145//237 
f 64//238 157//238 218//238 
f 151//239 67//239 218//239 
f 217//240 64//240 218//240 
f 217//241 218//241 67//241 
f 180//242 45//242 326//242 
f 107//243 327//243 108//243 
f 328//244 269//244 329//244 
f 328//245 329//245 269//245 
f 267//246 329//246 269//246 
f 330//247 268//247 269//247 
f 267//248 269//248 329//248 
f 269//249 268//249 329//249 
f 62//250 211//250 331//250 
f 61//251 50//251 62//251 
f 97//236 230//236 146//236 
f 170//252 99//252 332//252 
f 10//253 12//253 202//253 
f 179//254 258//254 333//254 
f 41//255 334//255 150//255 
f 64//256 335//256 308//256 
f 335//257 67//257 308//257 
f 250//258 336//258 64//258 
f 250//259 67//259 336//259 
f 337//260 210//260 94//117 
f 172//261 338//261 173//261 
f 68//262 339//262 340//262 
f 341//263 342//263 64//263 
f 341//264 67//264 342//264 
f 242//265 30//265 343//265 
f 30//266 242//266 246//267 
f 214//268 215//268 213//268 
f 344//269 215//269 213//269 
f 345//270 213//270 215//270 
f 346//271 215//271 213//271 
f 347//272 213//272 215//272 
f 344//273 213//273 215//273 
f 345//274 215//274 213//274 
f 348//275 213//275 215//275 
f 349//276 215//276 213//276 
f 349//277 213//277 215//277 
f 345//278 214//278 64//278 
f 345//279 67//279 214//279 
f 73//280 138//280 55//280 
f 169//281 73//281 55//281 
f 350//282 317//282 318//282 
f 350//283 318//283 317//283 
f 351//284 64//284 352//284 
f 351//285 352//285 67//285 
f 353//286 354//286 355//286 
f 356//287 354//287 355//287 
f 357//288 355//288 354//288 
f 358//289 354//289 355//289 
f 353//290 355//290 354//290 
f 359//291 354//291 355//291 
f 360//292 354//292 355//292 
f 357//293 354//293 355//293 
f 361//294 355//294 354//294 
f 356//295 355//295 354//295 
f 359//296 355//296 354//296 
f 360//297 355//297 354//297 
f 362//298 354//298 355//298 
f 362//299 355//299 354//299 
f 363//300 364//300 365//300 
f 366//301 364//301 365//301 
f 367//302 365//302 364//302 
f 368//303 364//303 365//303 
f 369//304 364//304 365//304 
f 370//305 364//305 365//305 
f 367//306 364//306 365//306 
f 363//307 365//307 364//307 
f 370//308 365//308 364//308 
f 368//309 365//309 364//309 
f 371//310 365//310 364//310 
f 369//311 365//311 364//311 
f 361//312 358//312 355//312 
f 361//313 354//313 358//313 
f 372//314 38//314 373//314 
f 373//15 38//15 40//15 
f 175//315 174//315 374//315 
f 51//19 375//19 52//19 
f 65//316 64//316 336//316 
f 65//317 336//317 67//317 
f 171//318 96//318 222//318 
f 54//94 78//94 77//94 
f 270//319 64//319 66//319 
f 67//320 270//320 66//320 
f 323//321 317//321 376//321 
f 323//322 376//322 318//322 
f 133//323 148//323 377//323 
f 148//324 147//324 377//324 
f 106//325 105//325 51//325 
f 229//326 253//326 378//326 
f 379//327 364//327 365//327 
f 379//328 365//328 364//328 
f 138//329 73//329 380//329 
f 238//330 138//330 161//330 
f 244//331 245//331 114//331 
f 59//332 58//332 114//332 
f 181//333 64//333 271//333 
f 181//334 271//334 67//334 
f 275//335 231//335 286//335 
f 285//336 275//336 286//336 
f 8//337 283//337 9//337 
f 283//338 281//338 127//338 
f 328//339 312//339 64//339 
f 328//340 67//340 312//340 
f 155//341 157//341 153//341 
f 153//342 152//342 155//342 
f 346//343 213//343 347//343 
f 346//344 347//344 215//344 
f 381//345 205//345 382//345 
f 102//87 172//87 174//87 
f 129//346 131//346 4//346 
f 162//203 307//203 224//203 
f 162//347 139//347 307//347 
f 232//348 83//348 383//349 
f 279//350 64//350 182//350 
f 279//351 182//351 67//351 
f 384//352 10//352 202//352 
f 206//111 132//111 134//111 
f 228//353 251//353 254//353 
f 228//354 197//354 385//354 
f 256//355 35//355 113//355 
f 35//356 298//356 297//356 
f 159//357 86//357 85//357 
f 24//358 235//358 386//358 
f 100//77 22//77 101//77 
f 221//318 171//318 222//318 
f 225//359 175//359 105//359 
f 103//360 26//360 25//360 
f 142//361 194//361 196//361 
f 142//362 196//362 194//362 
f 124//363 64//363 280//363 
f 124//364 280//364 67//364 
f 372//365 93//365 38//365 
f 372//37 91//37 93//37 
f 387//366 67//366 64//366 
f 388//367 64//367 67//367 
f 389//368 67//368 64//368 
f 390//369 67//369 64//369 
f 391//370 64//370 67//370 
f 220//165 64//165 67//165 
f 392//371 64//371 67//371 
f 342//372 67//372 64//372 
f 166//373 64//373 67//373 
f 67//374 64//374 267//374 
f 393//375 67//375 64//375 
f 394//376 67//376 64//376 
f 394//377 64//377 67//377 
f 341//378 64//378 67//378 
f 335//379 64//379 67//379 
f 395//380 64//380 67//380 
f 396//381 67//381 64//381 
f 393//382 64//382 67//382 
f 64//383 67//383 328//383 
f 215//384 67//384 64//384 
f 311//385 67//385 64//385 
f 397//386 64//386 67//386 
f 344//387 64//387 67//387 
f 398//388 67//388 64//388 
f 397//389 67//389 64//389 
f 399//390 67//390 64//390 
f 220//391 67//391 64//391 
f 396//392 64//392 67//392 
f 400//393 301//393 299//393 
f 401//394 301//394 299//394 
f 402//395 301//395 299//395 
f 401//396 299//396 301//396 
f 302//397 299//397 301//397 
f 303//398 299//398 301//398 
f 402//399 299//399 301//399 
f 403//400 301//400 299//400 
f 116//401 301//401 299//401 
f 403//402 299//402 301//402 
f 302//403 301//403 299//403 
f 400//404 299//404 301//404 
f 180//405 327//405 177//405 
f 327//406 107//406 177//406 
f 294//407 64//407 125//407 
f 294//408 125//408 67//408 
f 348//409 64//409 67//409 
f 64//410 213//410 348//410 
f 348//411 67//411 64//411 
f 64//384 348//384 215//384 
f 88//412 203//412 130//412 
f 130//413 103//413 25//413 
f 112//414 15//414 80//414 
f 80//415 144//415 112//415 
f 15//416 297//416 296//416 
f 244//417 243//417 245//417 
f 404//418 301//418 299//418 
f 404//419 299//419 301//419 
f 118//420 64//420 405//420 
f 119//421 405//421 67//421 
f 258//422 180//422 42//422 
f 176//423 58//423 60//423 
f 330//424 329//424 268//424 
f 330//425 269//425 329//425 
f 109//426 44//426 209//426 
f 46//427 11//427 406//427 
f 390//428 64//428 295//428 
f 390//429 295//429 67//429 
f 407//430 86//430 236//430 
f 70//243 107//243 108//243 
f 70//431 293//431 408//431 
f 366//432 371//432 364//432 
f 366//433 365//433 371//433 
f 133//56 409//56 134//56 
f 200//434 409//434 201//434 
f 309//435 310//435 194//435 
f 309//436 196//436 310//436 
f 410//437 48//437 288//437 
f 410//438 40//438 55//438 
f 79//439 145//439 411//439 
f 145//440 79//440 412//440 
f 281//441 131//441 413//441 
f 204//442 126//442 128//442 
f 240//443 122//443 276//443 
f 147//444 334//444 41//444 
f 191//12 31//12 17//12 
f 191//445 17//445 315//445 
f 414//446 170//446 332//446 
f 414//447 332//447 167//447 
f 30//448 29//448 343//448 
f 122//449 240//449 29//449 
f 160//450 101//450 415//450 
f 160//451 285//451 287//451 
f 416//452 247//452 417//452 
f 416//453 183//453 77//453 
f 418//454 152//454 155//454 
f 418//455 155//455 152//455 
f 325//456 120//456 84//456 
f 28//33 325//33 84//33 
f 69//457 419//457 2//457 
f 69//458 68//458 340//458 
f 261//459 313//459 420//459 
f 262//460 420//460 311//460 
f 136//461 227//461 314//461 
f 227//462 136//462 198//462 
f 237//463 64//463 421//463 
f 67//464 237//464 421//464 
f 106//465 253//465 135//465 
f 186//466 90//466 252//466 
f 334//467 147//467 149//467 
f 149//468 179//468 333//468 
f 422//469 423//469 424//469 
f 242//470 241//470 422//470 
f 351//471 425//471 64//471 
f 351//472 67//472 425//472 
f 64//473 344//473 426//473 
f 344//474 67//474 426//474 
f 94//475 211//475 95//475 
f 50//251 211//251 62//251 
f 427//476 261//476 262//476 
f 428//477 261//477 262//477 
f 330//478 261//478 262//478 
f 420//479 261//479 262//479 
f 429//480 262//480 261//480 
f 427//481 262//481 261//481 
f 420//459 262//459 261//459 
f 428//482 262//482 261//482 
f 330//483 262//483 261//483 
f 429//484 261//484 262//484 
f 420//485 262//485 261//485 
f 259//486 261//486 262//486 
f 430//487 261//487 262//487 
f 430//488 262//488 261//488 
f 33//489 431//489 34//489 
f 223//490 34//490 431//490 
f 388//491 67//491 432//491 
f 388//492 432//492 64//492 
f 362//493 433//493 434//493 
f 353//494 434//494 433//494 
f 435//495 434//495 433//495 
f 360//496 434//496 433//496 
f 360//497 433//497 434//497 
f 436//498 434//498 433//498 
f 362//499 434//499 433//499 
f 353//500 433//500 434//500 
f 437//501 433//501 434//501 
f 437//502 434//502 433//502 
f 438//503 433//503 434//503 
f 436//504 433//504 434//504 
f 246//505 423//505 55//505 
f 423//506 246//506 424//506 
f 5//507 131//507 282//507 
f 131//346 5//346 4//346 
f 439//508 88//508 306//508 
f 439//509 306//509 307//509 
f 293//510 69//510 140//510 
f 81//95 1//95 184//95 
f 31//511 134//511 18//511 
f 205//512 134//512 382//512 
f 339//513 68//513 440//513 
f 68//44 70//44 109//44 
f 441//514 414//514 167//514 
f 441//515 167//515 37//515 
f 36//516 412//516 146//516 
f 98//517 146//517 412//517 
f 442//518 433//518 434//518 
f 442//519 434//519 433//519 
f 105//520 443//520 226//520 
f 75//521 74//521 443//521 
f 21//522 20//522 285//522 
f 21//523 285//523 444//523 
f 197//524 136//524 137//524 
f 16//105 92//105 197//105 
f 445//525 59//525 422//525 
f 445//526 41//526 43//526 
f 101//527 24//527 415//527 
f 159//528 24//528 386//528 
f 227//461 63//461 314//461 
f 446//529 314//529 63//529 
f 212//530 62//530 331//530 
f 435//531 433//531 438//531 
f 435//532 438//532 434//532 
f 188//529 446//529 63//529 
f 297//533 15//533 113//533 
f 113//534 35//534 297//534 
f 247//535 32//535 417//535 
f 247//536 249//536 32//537 
f 176//538 180//538 177//538 
f 180//539 176//539 42//539 
f 86//540 407//540 7//540 
f 169//541 168//541 199//541 
f 73//542 169//542 199//542 
f 11//543 209//543 406//543 
f 51//544 229//544 378//544 
f 229//132 51//132 61//132 
f 447//545 194//545 196//545 
f 447//546 196//546 194//546 
f 175//547 375//547 105//547 
f 105//325 375//325 51//325 
f 263//548 416//548 77//548 
f 77//549 79//549 411//549 
f 398//550 64//550 426//550 
f 67//551 398//551 426//551 
f 345//552 64//552 111//552 
f 67//553 345//553 111//553 
f 174//554 52//554 374//554 
f 94//555 52//555 174//555 
f 64//556 272//556 421//556 
f 272//557 67//557 421//557 
f 103//558 175//558 225//558 
f 103//88 102//88 175//88 
f 292//559 14//559 107//559 
f 107//560 70//560 408//560 
f 81//561 184//561 82//561 
f 184//562 263//562 144//562 
f 338//261 337//261 173//261 
f 177//563 244//563 178//563 
f 58//331 244//331 114//331 
f 45//115 44//115 108//115 
f 45//564 108//564 326//564 
f 110//565 64//565 425//565 
f 110//566 425//566 67//566 
f 102//567 129//567 172//567 
f 129//568 102//568 104//568 
f 351//569 278//569 166//569 
f 64//570 166//570 278//570 
f 119//571 166//571 278//571 
f 448//572 278//572 166//572 
f 387//573 166//573 278//573 
f 351//574 166//574 278//574 
f 449//575 166//575 278//575 
f 119//576 278//576 166//576 
f 387//577 278//577 166//577 
f 278//578 166//578 117//578 
f 448//579 166//579 278//579 
f 278//580 352//580 64//580 
f 147//581 276//581 122//581 
f 121//582 147//582 122//582 
f 416//583 3//583 247//583 
f 184//584 3//584 264//584 
f 131//585 203//585 413//585 
f 203//586 88//586 204//586 
f 126//587 21//587 444//587 
f 127//588 126//588 160//588 
f 166//589 67//589 352//589 
f 352//589 278//589 166//589 
f 352//590 278//590 166//590 
f 352//591 166//591 278//591 
f 64//592 217//592 389//592 
f 217//593 67//593 389//593 
f 64//594 391//594 266//594 
f 391//595 67//595 266//595 
f 64//596 265//596 405//596 
f 265//597 67//597 405//597 
f 245//598 57//598 115//598 
f 57//599 56//599 115//599 
f 395//600 273//600 64//600 
f 395//601 67//601 273//601 
f 267//602 64//602 432//602 
f 67//603 267//603 432//603 
f 83//127 221//127 223//127 
f 83//349 223//349 383//349 
f 127//604 159//604 85//604 
f 85//605 283//605 127//605 
f 166//83 119//83 118//83 
f 118//606 387//606 64//606 
f 265//607 118//607 119//607 
f 278//608 118//608 119//608 
f 450//609 119//609 118//609 
f 450//610 118//610 119//610 
f 116//611 118//611 119//611 
f 405//612 118//612 119//612 
f 265//613 119//613 118//613 
f 278//614 119//614 118//614 
f 405//420 119//420 118//420 
f 405//615 119//615 118//615 
f 64//616 392//616 399//616 
f 392//617 67//617 399//617 
f 119//618 67//618 387//618 
f 387//618 118//618 119//618 
f 387//619 118//619 119//619 
f 387//620 119//620 118//620 
f 172//621 4//621 338//622 
f 129//567 4//567 172//567 
f 190//112 381//112 31//112 
f 233//623 235//623 234//623 
f 23//9 235//9 24//9 
f 419//624 69//624 340//624 
f 339//625 419//625 340//625 
f 249//537 33//537 32//537 
f 48//626 443//626 49//626 
f 89//627 47//627 49//627 
f 410//628 289//628 451//628 
f 289//629 410//629 55//629 
f 138//630 238//630 239//630 
f 307//631 139//631 239//631 
f 384//632 202//632 132//632 
f 133//109 132//109 202//109 
f 224//633 74//633 76//633 
f 162//634 224//634 76//634 
f 286//40 99//40 101//40 
f 99//635 286//635 231//635 
f 255//636 36//636 256//636 
f 36//637 35//637 256//637 
f 293//638 1//638 81//638 
f 292//639 293//639 81//639 
f 223//205 222//205 54//205 
f 78//640 54//640 222//640 
f 144//641 143//641 112//641 
f 113//642 112//642 257//642 
f 2//643 248//643 3//643 
f 419//644 248//644 2//644 
f 134//511 409//511 18//511 
f 18//645 409//645 120//645 
f 26//558 103//558 225//558 
f 26//129 225//129 74//129 
f 255//440 145//440 412//440 
f 412//646 36//646 255//646 
f 332//647 231//647 167//647 
f 332//648 99//648 231//648 
f 197//649 91//649 385//649 
f 251//650 91//650 372//650 
f 227//23 61//23 63//23 
f 61//131 227//131 229//131 
f 276//444 147//444 41//444 
f 276//651 41//651 445//651 
f 62//652 212//652 189//652 
f 63//653 62//653 189//653 
f 44//654 46//654 406//654 
f 209//655 44//655 406//655 
f 73//656 72//656 380//656 
f 161//657 138//657 380//657 
f 221//31 83//31 22//31 
f 171//658 221//658 22//658 
f 133//659 121//659 201//659 
f 409//660 133//660 201//660 
f 8//661 6//661 284//661 
f 12//156 46//156 179//156 
f 45//662 179//662 46//662 
f 31//663 381//663 382//663 
f 134//664 31//664 382//664 
f 47//665 373//665 40//665 
f 90//36 373//36 47//36 
f 168//666 71//666 199//666 
f 275//667 71//667 168//667 
f 173//555 94//555 174//555 
f 337//668 94//668 173//669 
f 16//670 197//670 137//670 
f 17//671 16//671 137//671 
f 243//672 13//672 15//672 
f 243//673 15//673 296//673 
f 56//674 423//674 422//674 
f 423//675 56//675 55//675 
f 245//676 296//676 57//676 
f 243//677 296//677 245//677 
f 100//658 171//658 22//658 
f 171//86 100//86 99//86 
f 96//640 78//640 222//640 
f 78//39 96//39 98//39 
f 86//678 159//678 386//678 
f 235//679 86//679 386//679 
f 37//680 169//680 55//680 
f 167//515 169//515 37//515 
f 446//681 190//681 192//681 
f 314//682 446//682 192//682 
f 208//683 339//683 440//683 
f 233//684 407//684 236//684 
f 235//685 233//685 236//685 
f 59//686 445//686 43//686 
f 42//687 59//687 43//687 
f 395//688 313//688 311//688 
f 312//689 311//689 313//689 
f 395//690 311//690 313//690 
f 259//691 313//691 311//691 
f 328//692 313//692 311//692 
f 394//693 311//693 313//693 
f 312//694 313//694 311//694 
f 262//695 311//695 313//695 
f 64//385 313//385 311//385 
f 420//696 313//696 311//696 
f 394//697 313//697 311//697 
f 259//698 311//698 313//698 
f 328//699 311//699 313//699 
f 312//219 311//219 313//219 
f 88//700 439//700 19//700 
f 439//701 238//701 19//701 
f 25//412 88//412 130//412 
f 88//702 25//702 306//702 
f 313//703 261//703 260//703 
f 313//695 260//695 262//695 
f 409//645 200//645 120//645 
f 120//456 200//456 84//456 
f 107//406 13//406 177//406 
f 177//704 13//704 244//704 
f 78//29 98//29 79//29 
f 79//705 98//705 412//705 
f 162//706 75//706 290//706 
f 139//707 162//707 290//707 
f 449//708 278//708 277//708 
f 449//709 277//709 166//709 
f 28//710 30//710 185//710 
f 38//711 93//711 185//711 
f 2//712 1//712 140//712 
f 1//713 293//713 140//713 
f 30//714 39//714 165//714 
f 39//715 38//715 165//715 
f 48//716 410//716 451//716 
f 48//521 75//521 443//521 
f 383//717 223//717 431//717 
f 20//718 275//718 285//718 
f 275//719 20//719 274//719 
f 163//720 114//720 164//720 
f 114//721 56//721 164//721 
f 40//722 410//722 288//722 
f 47//723 40//723 288//723 
f 42//724 176//724 60//724 
f 59//725 42//725 60//725 
f 216//726 157//726 158//726 
f 216//727 158//727 151//727 
f 85//728 7//728 9//728 
f 283//729 85//729 9//729 
f 163//730 56//730 422//730 
f 59//525 163//525 422//525 
f 4//622 207//622 338//622 
f 170//128 97//128 96//128 
f 170//731 414//731 97//731 
f 80//190 14//190 81//190 
f 15//732 14//732 80//732 
f 206//632 384//632 132//632 
f 92//234 16//234 325//234 
f 92//733 325//733 28//733 
f 6//734 5//734 284//734 
f 5//735 283//735 284//735 
f 416//736 263//736 264//736 
f 3//737 416//737 264//737 
f 186//738 373//738 187//738 
f 373//739 90//739 187//739 
f 109//740 208//740 440//740 
f 68//741 109//741 440//741 
f 87//742 19//742 21//742 
f 21//185 126//185 87//185 
f 314//743 191//743 315//743 
f 136//744 314//744 315//744 
f 121//745 133//745 377//745 
f 147//746 121//746 377//746 
f 50//747 52//747 95//747 
f 211//748 50//748 95//748 
f 229//749 228//749 254//749 
f 253//750 229//750 254//750 
f 258//751 42//751 150//751 
f 334//752 258//752 150//752 
f 202//753 12//753 148//753 
f 12//754 149//754 148//754 
f 24//755 159//755 415//755 
f 159//756 160//756 415//756 
f 443//42 105//42 89//42 
f 443//757 89//757 49//757 
f 210//758 212//758 331//758 
f 211//759 210//759 331//759 
f 106//760 51//760 378//760 
f 253//761 106//761 378//761 
f 238//762 439//762 307//762 
f 238//763 307//763 239//763 
f 72//764 20//764 161//764 
f 72//765 161//765 380//765 
f 283//766 5//766 282//766 
f 281//767 283//767 282//767 
f 242//768 422//768 424//768 
f 246//769 242//769 424//769 
f 449//770 303//770 305//770 
f 116//771 305//771 303//771 
f 305//772 301//772 300//772 
f 449//773 305//773 303//773 
f 116//774 303//774 305//774 
f 302//775 305//775 303//775 
f 84//776 200//776 123//776 
f 122//777 84//777 123//777 
f 228//778 227//778 198//778 
f 197//779 228//779 198//779 
f 52//780 375//780 374//780 
f 375//781 175//781 374//781 
f 108//782 327//782 326//782 
f 327//783 180//783 326//783 
f 303//784 300//784 299//784 
f 300//772 303//772 305//772 
f 334//785 149//785 333//785 
f 258//786 334//786 333//786 
f 130//787 129//787 104//787 
f 103//788 130//788 104//788 
f 316//789 376//789 317//789 
f 316//790 318//790 376//790 
f 183//791 416//791 417//791 
f 32//792 183//792 417//792 
f 253//793 251//793 252//793 
f 90//794 253//794 252//794 
f 263//795 77//795 411//795 
f 145//796 263//796 411//796 
f 101//797 160//797 287//797 
f 286//798 101//798 287//798 
f 90//799 89//799 135//799 
f 253//800 90//800 135//800 
f 26//801 224//801 27//801 
f 224//802 306//802 27//802 
f 289//803 139//803 290//803 
f 139//804 289//804 55//804 
f 53//805 230//805 441//805 
f 53//806 441//806 37//806 
f 241//651 276//651 445//651 
f 241//470 445//470 422//470 
f 23//807 232//807 234//807 
f 235//808 23//808 234//808 
f 251//809 228//809 385//809 
f 91//810 251//810 385//810 
f 186//650 251//650 372//650 
f 186//314 372//314 373//314 
f 184//811 144//811 82//811 
f 144//812 80//812 82//812 
f 414//731 230//731 97//731 
f 230//805 414//805 441//805 
f 292//813 107//813 408//813 
f 293//814 292//814 408//814 
f 93//733 92//733 28//733 
f 93//815 28//815 185//815 
f 74//816 225//816 226//816 
f 443//817 74//817 226//817 
f 58//818 176//818 178//818 
f 244//819 58//819 178//819 
f 204//820 281//820 413//820 
f 203//821 204//821 413//821 
f 143//822 256//822 257//822 
f 112//823 143//823 257//823 
f 160//824 126//824 444//824 
f 285//825 160//825 444//825 
f 301//398 304//398 303//398 
f 301//826 305//826 304//826 
f 29//827 240//827 343//827 
f 240//828 242//828 343//828 
f 57//829 296//829 298//829 
f 57//830 298//830 55//830 
f 281//831 204//831 128//831 
f 127//832 281//832 128//832 
f 237//833 219//833 157//833 
f 237//834 151//834 219//834 
f 71//835 275//835 274//835 
f 72//836 71//836 274//836 
f 75//837 48//837 451//837 
f 289//838 75//838 451//838 
# 919 faces

#
# object mountain
#

v  4274.7466 757.3209 -193.0481
v  4487.7539 819.5493 434.3983
v  4558.9546 655.0461 -215.1241
v  3232.7700 -835.5599 -362.1064
v  3621.2004 -818.7846 -358.4854
v  3628.8103 -873.0444 -188.4471
v  4360.5977 -740.1312 -159.7578
v  4009.6311 -822.3898 -177.5133
v  4161.6860 -770.7548 -292.5536
v  1768.4534 684.5175 25.6634
v  2398.5085 819.1871 370.5609
v  1847.5251 710.9834 -344.1132
v  3512.8127 753.1987 -496.1777
v  3947.9338 723.8602 -533.9288
v  3688.2952 641.0958 -724.3802
v  1496.8379 110.4313 -716.6033
v  1132.2400 74.4620 -396.8928
v  1168.2773 234.9023 -362.2617
v  3584.5220 -277.6982 -928.8118
v  4128.9712 -239.9543 -851.7184
v  4299.8784 -376.0063 -765.2262
v  4794.6250 -242.9393 -346.6273
v  5155.9224 -237.4144 22.0266
v  4621.3096 -385.1197 -377.3170
v  3232.7700 -493.5672 -765.2927
v  2952.7275 -450.3695 -906.7772
v  3112.8367 -412.7494 -838.1207
v  2046.7648 282.1571 -839.3852
v  2110.9448 374.9294 -819.3602
v  2191.7476 191.5591 -1135.1870
v  860.8701 207.7077 -130.9084
v  5072.2402 371.5844 -101.5437
v  5349.4941 337.3882 269.8400
v  5269.2231 267.0078 130.9064
v  3372.9492 352.2794 -931.9365
v  4054.2698 312.8759 -787.0624
v  3548.9617 207.8867 -963.1038
v  2455.9094 177.5135 -822.3897
v  2557.6406 136.0363 -1200.1860
v  2673.6382 13.2406 -1226.6917
v  2156.1870 606.8038 -843.6059
v  2683.4465 748.4835 -648.0042
v  2457.7031 635.2720 -822.0237
v  2793.5188 891.2243 163.6079
v  2866.8767 880.1165 -166.5426
v  2191.7476 791.6613 -326.6989
v  2683.4468 -63.3588 -874.3821
v  2522.0806 -158.1334 -1210.6683
v  2572.5139 -160.1678 -978.3179
v  1906.5859 -507.9887 -466.1658
v  2039.2367 -416.6048 -607.5056
v  2190.7939 -610.2634 -488.2418
v  4113.4048 182.5166 -815.2005
v  4901.3521 232.2161 -244.0648
v  2953.6807 139.7285 -1217.2902
v  2802.1230 296.4768 -1165.5549
v  3310.0337 358.7701 -836.2801
v  3012.7419 644.7955 -635.4356
v  2522.0803 564.2424 -968.6520
v  2743.6262 657.3511 -763.1824
v  1673.3425 -383.3666 -439.2661
v  1352.2692 -446.6194 -334.6027
v  1168.2783 -295.6816 -302.0227
v  2955.7422 140.5369 -1219.7302
v  3485.0234 305.6823 -944.3148
v  3241.7776 218.9608 -1077.6420
v  2951.6191 138.9192 -1214.8502
v  3570.3794 891.2244 163.6079
v  4204.8535 927.8373 518.2336
v  3598.6636 880.1165 -166.5426
v  3885.8674 -58.3561 -867.1930
v  3584.5220 -86.2833 -973.5859
v  3093.8606 11.0830 -1321.4128
v  2801.1697 -297.1373 -838.7523
v  2656.3896 -189.6123 -1217.4630
v  2849.5474 -224.2292 -993.6681
v  4793.2920 397.3018 -413.4819
v  4889.3442 258.4583 -443.4514
v  4558.9546 376.7355 -577.4374
v  4196.1045 665.6948 -546.4839
v  4116.3936 780.7441 -298.8371
v  4264.2812 653.2654 -442.1930
v  5269.2236 -73.6372 57.3780
v  1906.5857 376.7354 -577.4374
v  4338.9268 -688.4254 -330.3474
v  4640.6401 -579.8510 -306.9115
v  4051.7078 -434.1718 -777.7812
v  3512.8127 -481.4728 -762.6821
v  2435.2761 -189.9345 -815.6125
v  2295.0164 -114.9937 -799.4365
v  1824.9005 13.0672 -655.9354
v  1797.3186 135.8629 -629.4299
v  2025.0940 185.6771 -860.2104
v  2126.6150 -688.4249 -330.3472
v  1942.6470 -600.4949 -403.9678
v  4921.7769 114.0658 -474.6186
v  4668.2217 135.8631 -629.4299
v  4640.6401 258.6588 -602.9244
v  4558.9546 -105.0094 -681.4223
v  4793.2925 -169.1703 -535.7552
v  4637.3125 -297.1293 -563.3752
v  2866.8767 -733.0591 -514.7473
v  2903.4753 -588.0596 -795.3229
v  3031.8892 -670.1012 -631.3925
v  2435.2764 -387.4888 -742.3956
v  2217.7529 -309.2112 -725.4994
v  3562.0652 832.6567 -337.8518
v  3232.7703 895.9185 -163.1317
v  3181.9490 907.9997 167.2289
v  2623.3679 233.3787 -1181.9127
v  2787.3440 198.1494 -1197.7153
v  4128.9712 582.4358 -674.2051
v  3688.2954 485.1920 -844.1232
v  3081.2122 511.6132 -750.2741
v  3057.5010 395.3714 -931.2392
v  2453.0007 176.1936 -824.3947
v  2416.5586 168.6120 -1035.7648
v  2553.4514 136.2862 -1202.1534
v  2561.8301 135.7857 -1198.2192
v  1529.2708 254.8237 -685.4361
v  1829.3225 517.9416 -405.7833
v  1959.3867 511.4747 -674.0278
v  1824.5944 459.9555 -565.9858
v  3544.9536 174.1696 -972.6137
v  3259.6099 149.1390 -1091.8838
v  4170.5244 -508.6499 -627.3735
v  4206.1523 -683.5715 -455.3727
v  4106.2827 -609.0033 -580.0167
v  3232.7700 -748.8614 -518.1583
v  3232.7700 -633.3846 -654.2976
v  3598.6636 -733.0594 -514.7474
v  1158.1616 522.4225 -62.9771
v  1448.3199 531.3572 -298.2717
v  974.1709 371.4847 -95.5571
v  2207.6484 -208.3979 -788.6729
v  1393.2998 -86.9116 -375.2761
v  1383.2947 13.5252 -550.9125
v  3384.3284 28.0068 -907.6755
v  2953.6812 -37.6233 -1237.6707
v  4248.9229 847.8038 110.8216
v  3381.4495 350.6490 -840.0540
v  3182.0913 256.9470 -1033.2889
v  4196.1050 515.9304 -694.6697
v  4290.7832 571.8655 -491.3327
v  4426.3047 485.5556 -553.9485
v  4271.3623 238.0946 -635.2505
v  1760.1471 577.6875 -708.7160
v  1681.5635 655.9794 -271.3719
v  1911.7050 704.9099 -520.1899
v  2321.1453 699.6348 -748.0844
v  2746.2224 19.7992 -1360.7350
v  2527.4038 -157.4404 -1209.5369
v  2689.2207 -77.8884 -1266.6259
v  2678.0337 -63.4296 -875.6320
v  2516.7573 -158.8273 -1211.7998
v  2602.7761 -252.8630 -830.6471
v  2745.6523 20.5097 -1366.1462
v  2739.3943 14.9543 -1355.5730
v  4558.9546 -507.9889 -466.1658
v  4426.3047 -416.6051 -607.5056
v  3450.2129 -117.7624 -980.3807
v  3081.2122 -156.5860 -894.5052
v  2656.3894 439.8176 -1081.6003
v  2892.8621 422.8908 -976.5055
v  2418.4292 171.2116 -1035.8207
v  2567.8733 169.6208 -1190.4255
v  4054.2698 52.1572 -843.3386
v  3982.4800 -6.7359 -856.0507
v  3482.2168 111.4066 -983.9290
v  4640.6401 13.0673 -655.9354
v  4889.3442 -30.3267 -505.7858
v  2844.3403 -818.7839 -358.4853
v  2470.8374 -769.1027 -347.7616
v  2515.0444 -686.2604 -504.6458
v  2586.8347 -545.9419 -786.2318
v  2952.7273 784.3016 -640.2728
v  3232.7700 765.2930 -493.5671
v  3112.8364 721.7112 -593.2468
v  2235.9553 780.9069 -503.7859
v  2903.4746 863.7596 -481.9470
v  3544.7341 242.5494 -957.9233
v  3266.2605 184.8590 -1084.7013
v  4794.6250 386.4908 -210.7646
v  4426.3042 630.0989 -381.5740
v  2208.0669 206.5576 -939.5090
v  2110.9448 -3.5751 -901.0607
v  2345.8770 -26.1512 -853.5997
v  938.1338 -340.7442 -67.5417
v  1247.2362 -396.7556 -186.3155
v  1202.7354 0.0001 -0.0000
v  822.6133 37.3852 -167.6726
v  975.9180 -69.1885 -114.6572
v  2566.5339 -159.6521 -978.2939
v  3370.7500 354.4500 -933.2694
v  3189.8821 246.4664 -1071.8154
v  3375.1489 350.1080 -930.6039
v  1529.2709 -33.9611 -747.7704
v  1517.5070 -116.6685 -541.1645
v  3530.3445 25.0045 -1058.7250
v  1625.3226 393.6672 -655.4667
v  1552.7190 447.3374 -446.7201
v  1405.7715 654.7208 -34.4204
v  3562.0654 -619.1632 -651.2279
v  3878.7065 -577.0454 -642.1368
v  741.9624 339.7172 129.4570
v  929.5576 493.6122 162.6753
v  3232.7700 -890.1484 -192.1390
v  3197.0369 873.5121 645.2507
v  2785.9087 870.5154 340.8882
v  1572.2969 -628.4963 -192.1106
v  1599.8790 -578.9174 -363.1593
v  1544.8583 -494.5397 -106.7467
v  2746.0344 309.6014 -1303.7563
v  2796.1853 230.1041 -1233.0554
v  2745.8401 308.2778 -1298.4561
v  2642.2966 -56.3566 -1133.0171
v  2668.1118 13.2174 -1227.8392
v  2796.1853 63.9013 -1268.9304
v  2745.8347 15.1075 -1355.2814
v  2844.8748 49.9393 -1271.7013
v  4901.3521 -88.6646 -313.3271
v  4937.3896 71.7757 -278.6960
v  5307.4805 96.6853 94.1422
v  3012.7422 -325.2794 -844.8268
v  2683.4468 -414.5514 -899.0458
v  2613.8049 -346.3709 -823.7928
v  1500.0269 -241.1863 -408.5764
v  1673.3433 -176.4890 -555.6765
v  1829.3231 -304.4479 -583.2964
v  4293.0332 141.6146 -656.0758
v  4317.2935 -119.0625 -750.2195
v  5307.4805 -114.4585 230.3170
v  4985.8291 -497.5855 76.8215
v  5082.8223 -350.9710 80.0769
v  4971.9316 -388.3523 -10.5534
v  4797.4697 -533.7490 -86.4091
v  2805.5125 -25.6841 -1236.6920
v  3384.3281 -156.5864 -894.5054
v  3167.4651 -65.4684 -1028.2762
v  2015.9271 382.0987 -1007.9678
v  2156.1870 457.0396 -991.7918
v  2404.3577 365.9749 -1097.5392
v  3372.9492 664.2349 -725.4951
v  3232.7700 654.2980 -633.3845
v  3232.7700 518.1586 -748.8613
v  2624.3855 232.5164 -1179.3608
v  4888.2495 522.5222 -68.9637
v  4601.8135 736.8745 356.0693
v  5161.8989 491.2831 303.0583
v  3435.3269 332.1417 -938.6499
v  1906.5861 -105.0095 -681.4223
v  2061.8623 -96.9532 -800.7868
v  1959.3870 -187.9104 -824.9904
v  1850.9291 -198.8865 -668.9669
v  4213.5200 425.4380 -638.7982
v  3885.8672 423.3891 -763.2080
v  3948.5796 502.2191 -751.5209
v  2307.7449 769.2308 -818.1801
v  3172.6870 -66.0143 -1029.5719
v  3378.8296 -151.4513 -897.2964
v  3381.7412 -157.1669 -896.9095
v  3386.9155 -156.0067 -892.1013
v  4808.2007 527.0137 -447.8109
v  4650.2100 583.1654 -328.0683
v  2569.6426 102.1797 -1205.6068
v  2747.7656 110.9019 -1216.5477
v  3096.4075 12.4922 -1319.3706
v  3587.1631 -87.5865 -975.6745
v  3326.7383 -18.1605 -1093.3147
v  3521.9504 275.4044 -950.8467
v  3257.7788 202.4379 -1081.0831
v  2876.9226 -32.9477 -1234.5801
v  2932.5896 44.3913 -1230.9041
v  3939.4336 -136.9044 -889.5602
v  4299.8784 -178.4519 -838.4431
v  1938.6636 528.5261 -860.5022
v  2554.4836 170.3848 -1188.3348
v  2562.6277 170.2096 -1195.3214
v  3552.5024 208.3701 -965.2733
v  3266.8887 166.8713 -1088.3512
v  4079.4829 -656.4536 -642.7371
v  3845.6943 -749.4962 -503.3358
v  4018.2434 -811.3082 -458.9877
v  3843.2744 -829.0974 -302.0950
v  4290.7837 -318.2830 -683.4717
v  4426.3047 -213.8296 -704.9112
v  4457.5708 -309.4334 -636.1314
v  2647.9941 -57.3157 -1133.1157
v  2802.1230 -24.4041 -1234.8173
v  2884.6807 -125.4926 -1097.7483
v  2645.7808 -228.1431 -1018.3083
v  3878.7061 790.5391 -346.9429
v  4079.4829 863.1249 -314.7352
v  3522.3652 141.2519 -979.6610
v  3244.6516 132.3223 -1095.1512
v  3384.3281 511.6133 -750.2741
v  3450.2129 511.6680 -844.5178
v  3384.3281 348.8878 -838.4131
v  2020.9041 185.6605 -862.1929
v  2037.4528 186.1317 -861.8251
v  2029.2842 185.6929 -858.2280
v  2041.2731 282.7570 -840.4020
v  2205.1729 204.1636 -939.7299
v  2197.2773 207.9286 -933.9962
v  2210.9609 208.9507 -939.2883
v  3232.7700 -334.7822 -846.8780
v  3232.7700 -163.1318 -895.9182
v  3158.8145 252.7909 -1022.0510
v  3690.6785 486.0639 -846.4811
v  3634.2905 404.2667 -859.3370
v  3307.0859 18.9415 -907.5623
v  3161.2078 76.5686 -1057.4479
v  3312.9819 17.3067 -912.0550
v  1054.9771 -131.9046 -266.6714
v  1085.8882 -19.9012 -297.8558
v  1709.2251 578.5582 -452.9489
v  1444.0815 532.8765 -299.5122
v  1452.5582 529.8371 -297.0312
v  1270.2263 390.4065 -330.1262
v  1549.6152 449.4446 -447.7607
v  1676.4626 657.0807 -272.3790
v  1153.6194 524.0111 -63.8639
v  1824.4189 518.0435 -407.4001
v  1207.4415 454.8159 -196.2100
v  1824.9004 258.6586 -602.9244
v  3031.8889 870.8780 -298.7715
v  3232.7698 846.8781 -334.7822
v  3381.0371 26.5211 -909.4297
v  3317.9978 -21.8406 -1092.3474
v  3453.0435 -116.5438 -978.2913
v  1510.1637 -530.5323 -248.6079
v  4317.7427 -38.5661 -738.9537
v  2144.4893 737.5530 -643.3786
v  2015.9274 669.7324 -688.8481
v  3310.3103 360.4940 -838.3954
v  3218.8606 233.8194 -1074.5125
v  2455.9102 -822.3893 -177.5132
v  2836.7305 -873.0438 -188.4470
v  3661.6709 929.7160 608.6896
v  3818.0386 908.1699 433.0056
v  3235.2595 363.7368 -837.4462
v  3118.8984 256.3986 -1021.1199
v  2151.8398 336.0797 -989.3514
v  2805.2788 298.3015 -1167.0138
v  2670.1836 258.5877 -1175.9174
v  2520.2559 410.0193 -1090.3867
v  2601.0437 332.2462 -1178.3763
v  2844.8745 243.9659 -1229.8207
v  2689.2205 358.3188 -1172.4703
v  1417.4435 592.7260 -166.3777
v  2586.6567 203.2625 -1188.4132
v  2747.7656 165.6811 -1204.7235
v  2154.3535 608.8781 -845.1815
v  2019.5422 667.8179 -687.7663
v  2012.3125 671.6459 -689.9299
v  1907.8917 706.9557 -520.7816
v  1801.5361 648.3136 -515.1132
v  2322.3862 699.6510 -750.7589
v  2140.8994 739.7104 -643.8402
v  1765.8616 577.6134 -707.7744
v  2308.3235 768.4299 -815.5812
v  1961.9382 598.6353 -774.0688
v  3562.7397 -621.0098 -653.2188
v  3877.3643 -575.6827 -639.8471
v  3880.0488 -578.4089 -644.4265
v  4076.4480 -655.9374 -640.4257
v  4098.1182 -478.7426 -702.4529
v  4173.7471 -510.3197 -628.9819
v  3772.4487 -658.3007 -606.9678
v  4053.5327 -435.8756 -779.7539
v  4111.0952 -609.3439 -581.6560
v  2046.7650 89.1972 -881.0357
v  2586.8340 -11.7387 -863.2399
v  2423.5789 -589.1870 -613.9271
v  2295.0171 -508.6495 -627.3735
v  1467.1123 532.3500 -306.0637
v  1703.5950 577.7584 -453.6151
v  2001.8206 -294.2281 -692.8552
v  3765.1018 -520.0764 -718.2372
v  3322.3679 -20.0001 -1092.8311
v  1241.7417 173.6595 37.4844
v  958.5027 271.7701 -2.4824
v  5346.4873 59.2008 267.8015
v  1182.0181 628.5021 191.7914
v  1712.0447 -81.5444 -658.1646
v  4739.8550 -453.6281 -244.2021
v  2739.5361 147.5399 -1208.6394
v  3151.1274 32.1525 -1314.3707
v  2787.3440 78.4337 -1223.5562
v  3486.2664 111.9806 -985.8871
v  2591.9956 69.9847 -1212.5984
v  2628.2163 40.3146 -1219.0280
v  3052.5161 277.3887 -1046.8757
v  3102.5322 37.8572 -1100.8656
v  2951.2922 -36.3547 -1235.5017
v  3178.4065 55.8395 -1122.8607
v  3231.2915 97.2941 -1155.3131
v  2874.4980 304.6908 -1161.4369
v  2763.9082 93.8132 -1220.2365
v  1795.7123 136.3989 -632.0099
v  2049.7061 88.9493 -878.6564
v  1913.8516 215.4144 -729.7176
v  1913.8518 104.7605 -753.6023
v  2239.0823 141.3291 -853.8200
v  2739.5361 129.0432 -1212.6318
v  2451.2073 830.6200 48.5928
v  4733.3682 -632.4755 47.7054
v  3772.8242 847.6426 -280.1139
v  1275.0044 389.1769 -328.9614
v  2745.9373 20.1549 -1363.4406
v  4648.1353 447.7336 -497.3830
v  4317.7422 339.9386 -657.2533
v  3772.8245 -656.6307 -604.8121
v  4271.3623 45.1346 -676.9011
v  4563.4697 -399.0388 -502.8119
v  4792.1982 530.4240 -242.0239
v  4889.8672 453.8662 -152.8780
v  2655.5957 -187.5378 -1215.7222
v  4062.5010 878.0979 655.8308
v  3380.9919 -68.2792 -926.0126
v  2891.2175 47.9999 -1230.1252
v  2522.0806 408.3386 -1088.3950
v  2745.9373 308.9400 -1301.1062
v  2606.0642 332.4701 -1176.8463
v  2763.9082 182.7699 -1201.0349
v  2891.2173 228.5832 -1191.1461
v  3375.0425 -305.0317 -932.4518
v  3298.5581 -247.3690 -894.0872
v  3232.8037 -164.6553 -898.1861
v  3448.1099 -214.0956 -937.8879
v  5465.0151 170.4025 233.7960
v  3044.6035 76.7926 -1275.0355
v  1933.4009 528.8810 -861.8303
v  1943.9263 528.1705 -859.1741
v  1860.7495 531.5207 -636.5683
v  2137.5647 531.3405 -917.2900
v  2153.2764 458.5515 -993.6551
v  1954.1085 510.1964 -674.5010
v  3372.9492 -305.8404 -934.8863
v  3398.6895 900.4174 404.0842
v  4098.4775 116.0600 -829.5452
v  1997.7457 469.9185 -862.4131
v  2606.1831 -251.4369 -828.8878
v  4290.5273 -413.5652 -669.1635
v  2327.0940 518.5420 -978.5165
v  822.6128 -173.7585 -31.4978
v  3478.1284 427.4144 -868.0253
v  2380.2900 206.9917 -1159.1074
v  2195.9927 192.7342 -1133.6201
v  2504.4014 132.2522 -1009.6528
v  2686.0334 -76.3192 -1264.9059
# 451 vertices

vn 0.6552 0.7354 -0.1727
vn 0.0975 -0.9476 -0.3043
vn 0.4701 -0.8752 -0.1141
vn -0.4537 0.8908 0.0240
vn -0.4544 0.8906 0.0202
vn 0.0603 0.9148 -0.3994
vn -0.8835 0.1822 -0.4315
vn 0.3313 -0.3795 -0.8638
vn 0.8473 -0.3842 -0.3667
vn 0.7205 -0.1336 -0.6805
vn -0.8907 0.3412 -0.3004
vn -0.8529 0.1908 -0.4859
vn 0.9229 0.2586 -0.2853
vn 0.4912 0.3267 -0.8075
vn -0.9561 -0.2746 -0.1026
vn -0.1011 0.8598 -0.5005
vn -0.2587 0.9642 -0.0582
vn -0.9226 0.3743 0.0931
vn -0.5601 -0.5680 -0.6031
vn 0.9036 0.1259 -0.4094
vn 0.8288 0.3206 -0.4586
vn 0.6396 0.5351 -0.5519
vn -0.5482 -0.1211 -0.8275
vn 0.8005 -0.2237 -0.5560
vn 0.0564 -0.8776 0.4761
vn -0.0440 0.9967 -0.0676
vn 0.5511 -0.6434 -0.5313
vn 0.4879 -0.8142 -0.3148
vn 0.7667 0.3536 -0.5359
vn 0.7586 0.6348 -0.1468
vn 0.8991 -0.1943 -0.3923
vn -0.4581 0.8885 0.0259
vn -0.8770 0.3445 -0.3349
vn 0.6338 -0.7459 -0.2049
vn 0.0820 -0.6582 -0.7484
vn -0.3658 -0.1075 -0.9245
vn -0.9140 -0.0045 -0.4057
vn -0.4191 -0.7810 -0.4630
vn 0.8026 0.2020 -0.5612
vn 0.7255 -0.2591 -0.6376
vn 0.0354 -0.8887 -0.4572
vn -0.4036 -0.3180 -0.8579
vn 0.0638 0.9205 -0.3854
vn 0.0952 0.9950 -0.0298
vn 0.3567 0.7806 -0.5133
vn 0.4205 0.3168 0.8502
vn 0.3526 0.5267 -0.7735
vn 0.5900 0.6631 -0.4606
vn -0.8774 -0.4767 -0.0540
vn 0.1618 0.9827 -0.0904
vn -0.8108 0.5538 -0.1897
vn 0.5686 -0.6367 -0.5208
vn -0.4079 -0.7370 0.5389
vn 0.7156 -0.4554 -0.5297
vn 0.0865 -0.7597 -0.6444
vn -0.7635 0.5045 -0.4032
vn -0.1251 -0.5309 -0.8382
vn -0.7475 -0.5847 -0.3152
vn -0.0942 0.1820 -0.9788
vn -0.0943 0.1820 -0.9788
vn 0.8942 0.0511 -0.4447
vn 0.5938 0.7945 -0.1273
vn -0.2059 0.8968 -0.3917
vn 0.8534 -0.4939 -0.1666
vn 0.8844 0.3687 -0.2862
vn 0.7717 0.3536 -0.5286
vn -0.6738 0.7160 -0.1825
vn 0.3125 0.5487 -0.7754
vn 0.4547 0.4184 0.7863
vn 0.9096 0.3055 -0.2816
vn 0.6013 0.7879 0.1329
vn -0.7889 0.5915 0.1669
vn 0.9737 0.2242 -0.0405
vn 0.7478 0.1377 0.6495
vn -0.8863 -0.3591 0.2923
vn 0.5711 -0.5521 -0.6076
vn 0.8792 -0.4429 -0.1755
vn 0.3231 -0.2023 -0.9245
vn 0.7287 -0.5755 -0.3712
vn 0.6146 0.5882 -0.5256
vn -0.2405 -0.9695 0.0476
vn 0.8109 0.5541 0.1883
vn -0.7729 0.5001 -0.3906
vn 0.4678 -0.0655 -0.8814
vn 0.7822 -0.1104 -0.6131
vn -0.2779 -0.8345 -0.4758
vn -0.2799 -0.8461 -0.4536
vn 0.7205 0.4024 -0.5648
vn -0.2623 0.9629 -0.0631
vn -0.2614 0.9632 -0.0630
vn 0.7123 -0.4393 -0.5474
vn -0.1710 -0.8471 0.5031
vn 0.9558 0.2938 0.0129
vn 0.5601 0.7662 -0.3151
vn -0.3342 -0.9387 0.0845
vn 0.2423 -0.5496 -0.7995
vn -0.6174 -0.6763 -0.4018
vn -0.7091 -0.1112 0.6963
vn 0.7463 -0.6606 -0.0810
vn -0.5936 0.8024 0.0621
vn 0.7441 0.2025 -0.6366
vn 0.3506 -0.8481 0.3972
vn -0.8625 -0.4618 -0.2069
vn 0.4974 0.2306 -0.8363
vn 0.5921 0.3413 -0.7300
vn 0.5921 0.3413 -0.7301
vn 0.7895 0.3469 -0.5064
vn -0.4008 0.8703 -0.2863
vn -0.6785 0.6454 -0.3508
vn 0.0851 -0.6702 -0.7373
vn -0.8074 0.5067 -0.3022
vn -0.7078 -0.0802 0.7019
vn 0.0976 -0.9476 -0.3043
vn -0.1214 0.9899 0.0731
vn -0.0949 0.9946 -0.0429
vn -0.3725 -0.8838 -0.2831
vn -0.3699 -0.8839 -0.2860
vn -0.5036 -0.8427 -0.1905
vn -0.7268 -0.5829 -0.3634
vn 0.2979 0.5493 0.7807
vn -0.9124 0.4071 -0.0426
vn -0.7512 -0.6236 -0.2163
vn -0.9354 0.3455 0.0755
vn 0.9370 -0.3385 -0.0867
vn -0.4495 0.8910 -0.0639
vn 0.7013 -0.7062 -0.0978
vn 0.9136 -0.0043 -0.4065
vn 0.8081 0.0454 -0.5873
vn 0.0701 0.4306 -0.8998
vn -0.7514 0.3028 -0.5863
vn -0.7786 -0.3077 -0.5469
vn -0.6825 -0.4484 -0.5772
vn 0.8956 0.1782 -0.4077
vn 0.5801 0.0083 -0.8145
vn 0.5608 -0.6804 0.4718
vn -0.5278 0.6821 -0.5062
vn 0.9333 -0.2718 -0.2347
vn 0.9024 -0.3766 -0.2092
vn 0.9821 0.0431 -0.1832
vn -0.0520 0.7227 0.6892
vn -0.8994 -0.1882 -0.3946
vn 0.9012 -0.0880 -0.4244
vn -0.3658 0.4793 -0.7978
vn 0.5274 0.6967 -0.4862
vn -0.1443 0.9352 -0.3233
vn -0.0698 0.8412 -0.5362
vn -0.0942 0.2379 -0.9667
vn -0.2790 0.2846 -0.9172
vn 0.6722 0.7186 -0.1785
vn -0.2097 0.8753 -0.4358
vn -0.8124 0.0631 0.5797
vn -0.8027 -0.3382 -0.4912
vn -0.9370 0.2124 -0.2772
vn 0.7148 -0.3217 -0.6209
vn 0.6274 -0.1096 -0.7709
vn -0.4513 0.8863 -0.1044
vn -0.2624 0.9629 -0.0626
vn 0.8530 0.3949 -0.3413
vn -0.4838 0.5161 0.7068
vn 0.2251 0.7279 -0.6477
vn 0.4748 0.8708 -0.1274
vn 0.1963 -0.7549 0.6258
vn 0.0483 -0.4598 -0.8867
vn 0.8654 -0.4720 -0.1681
vn -0.5384 -0.4522 0.7111
vn 0.2335 0.0057 -0.9723
vn -0.9153 0.3931 -0.0875
vn -0.6866 -0.6843 0.2455
vn 0.0642 0.9707 0.2315
vn 0.7631 -0.3335 -0.5535
vn -0.0555 -0.8707 0.4887
vn 0.6980 -0.0614 -0.7134
vn 0.5900 -0.2050 0.7810
vn 0.4851 0.0805 -0.8707
vn 0.6201 0.6242 -0.4751
vn -0.6538 0.6371 -0.4083
vn -0.9805 0.0338 -0.1934
vn -0.7110 -0.6379 -0.2957
vn -0.1547 0.9845 -0.0832
vn 0.6477 -0.5406 -0.5368
vn -0.2891 -0.8038 0.5199
vn -0.0598 -0.8089 -0.5849
vn 0.1503 -0.9880 -0.0368
vn 0.5150 -0.4495 -0.7299
vn 0.4411 -0.7322 -0.5189
vn -0.8911 0.4490 0.0653
vn 0.7949 -0.3654 -0.4843
vn 0.0812 -0.9315 -0.3545
vn -0.0983 0.9310 0.3516
vn 0.4282 0.8713 -0.2396
vn -0.0114 0.9970 -0.0767
vn 0.4739 -0.7258 -0.4987
vn -0.5241 -0.6418 0.5598
vn -0.9214 0.2599 -0.2888
vn -0.7891 0.6107 0.0652
vn 0.1314 -0.5757 -0.8071
vn 0.0404 0.9991 -0.0084
vn -0.8307 -0.5161 -0.2085
vn 0.4952 -0.4922 0.7159
vn 0.8113 0.3525 -0.4664
vn 0.7361 0.6644 -0.1293
vn 0.4596 -0.4059 -0.7899
vn -0.0464 -0.2744 -0.9605
vn 0.9524 -0.2618 -0.1563
vn 0.8943 0.1786 -0.4102
vn -0.4154 0.8685 -0.2706
vn -0.6885 -0.4241 0.5883
vn -0.9870 0.1496 0.0580
vn -0.3090 -0.2772 0.9098
vn -0.0905 0.1121 -0.9896
vn -0.8474 0.4990 0.1817
vn 0.0959 -0.8281 0.5523
vn -0.1788 0.9827 0.0474
vn -0.7896 -0.1430 0.5968
vn 0.5404 -0.0144 -0.8413
vn 0.5792 0.7874 -0.2110
vn 0.7439 0.2360 -0.6252
vn 0.0065 0.9322 0.3618
vn 0.8444 -0.1707 -0.5077
vn -0.8452 -0.5339 0.0231
vn -0.5961 -0.5151 -0.6159
vn 0.7591 0.1973 0.6204
vn 0.8678 -0.4152 -0.2730
vn 0.2950 0.8692 -0.3969
vn 0.7444 -0.5412 -0.3911
vn -0.1311 0.9907 -0.0351
vn -0.5358 -0.0510 -0.8428
vn 0.6290 0.1537 0.7620
vn 0.4515 -0.8709 -0.1939
vn -0.7488 0.5475 0.3735
vn 0.2056 -0.9756 0.0766
vn 0.2101 -0.3150 0.9255
vn -0.0377 -0.8741 0.4843
vn 0.5211 0.1296 -0.8436
vn -0.3404 0.8856 -0.3160
vn 0.1599 0.2236 -0.9615
vn 0.9267 -0.1362 -0.3502
vn -0.7469 0.6619 -0.0634
vn 0.0691 -0.7935 0.6046
vn -0.4095 0.4650 -0.7849
vn 0.7136 -0.6923 -0.1072
vn 0.0354 0.9981 -0.0499
vn 0.0865 0.9579 -0.2737
vn -0.9885 -0.0030 0.1515
vn 0.9782 -0.1833 -0.0976
vn -0.9139 -0.1101 0.3907
vn 0.5136 0.7601 0.3980
vn 0.8899 0.2719 -0.3662
vn -0.1589 -0.9213 -0.3550
vn -0.7656 -0.6434 0.0028
vn -0.4996 -0.2398 -0.8324
vn 0.2998 0.1115 -0.9475
vn -0.1852 0.9813 0.0525
vn -0.5656 0.8199 -0.0884
vn -0.3794 0.7930 -0.4767
vn 0.8030 0.3056 -0.5116
vn 0.3886 -0.8604 0.3297
vn 0.8250 -0.1146 -0.5535
vn 0.1602 -0.8692 0.4677
vn -0.3736 -0.8825 -0.2858
vn -0.2889 -0.9104 -0.2963
vn 0.0731 0.9930 -0.0926
vn 0.8264 0.3244 -0.4603
vn 0.4164 -0.8386 0.3512
vn -0.7070 0.4955 -0.5046
vn -0.2571 0.3362 -0.9060
vn -0.9315 -0.3537 -0.0847
vn 0.9825 0.0208 -0.1852
vn -0.3547 -0.8339 -0.4229
vn 0.6066 0.7906 -0.0836
vn -0.6801 -0.6996 -0.2191
vn 0.3285 0.9443 0.0197
vn -0.9719 0.0867 -0.2190
vn 0.6996 0.6847 0.2043
vn 0.9407 0.3328 0.0660
vn -0.2964 0.8755 -0.3816
vn -0.2381 0.1013 -0.9659
vn 0.7154 0.6638 0.2181
vn -0.7644 -0.5879 0.2648
vn 0.4855 0.7779 -0.3989
vn -0.9963 -0.0087 -0.0858
vn 0.0225 0.9128 -0.4079
vn -0.3170 -0.4062 -0.8570
vn -0.2165 -0.8247 0.5224
vn -0.9035 0.1108 -0.4141
vn 0.0989 0.9792 -0.1769
vn 0.0162 -0.9922 -0.1236
vn -0.4154 0.1064 -0.9034
vn 0.2892 0.9225 -0.2558
vn 0.8068 -0.3931 -0.4411
vn 0.2611 -0.5072 0.8213
vn 0.8710 0.0909 0.4828
vn 0.7278 -0.0706 0.6822
vn 0.0026 -0.9788 0.2048
vn -0.8165 0.4460 0.3666
vn 0.6314 -0.7445 -0.2169
vn -0.2183 -0.7047 0.6751
vn 0.2194 0.7062 -0.6732
vn -0.2862 0.9562 0.0618
vn -0.2874 -0.3293 0.8994
vn -0.7377 0.6720 -0.0650
vn 0.4682 -0.8765 -0.1116
vn -0.4850 -0.1152 -0.8669
vn 0.3779 0.5215 0.7650
vn 0.7329 -0.6773 0.0646
vn 0.2912 -0.9422 -0.1660
vn -0.7575 0.6159 0.2164
vn 0.1426 -0.0556 -0.9882
vn 0.5605 0.3040 -0.7704
vn 0.6635 -0.0431 0.7469
vn -0.0753 -0.7557 -0.6506
vn 0.5705 0.2589 0.7794
vn 0.1900 0.2631 -0.9459
vn -0.5656 -0.7105 -0.4187
vn -0.1051 0.8903 -0.4430
vn -0.7944 0.1704 0.5830
vn 0.9946 -0.0884 -0.0546
vn 0.0077 0.8909 -0.4541
vn -0.7643 0.2781 0.5818
vn -0.5119 0.1936 -0.8370
vn 0.3062 0.8706 0.3852
vn -0.6919 0.6491 -0.3161
vn -0.9897 0.1043 -0.0984
vn -0.4913 -0.4518 -0.7446
vn -0.5682 -0.6792 -0.4646
vn 0.4620 0.8214 0.3344
vn -0.7677 0.1246 0.6286
vn -0.7694 -0.5807 0.2661
vn -0.7675 -0.1998 -0.6091
vn -0.0464 0.6462 -0.7618
vn 0.5487 0.6541 -0.5206
vn 0.1243 0.8756 -0.4667
vn -0.7215 0.3819 0.5776
vn 0.9922 0.0431 -0.1168
vn 0.9220 -0.2992 -0.2457
vn 0.5771 -0.8163 -0.0242
vn 0.7776 -0.5333 -0.3332
vn -0.0464 -0.9470 -0.3179
vn -0.6131 0.5382 0.5783
vn 0.4893 -0.7114 -0.5045
vn 0.2205 -0.6762 -0.7030
vn -0.9183 -0.2048 -0.3388
vn 0.2806 -0.8128 0.5104
vn -0.6040 -0.7963 -0.0346
vn 0.0938 -0.8703 -0.4835
vn -0.0975 -0.9453 -0.3114
vn 0.9904 -0.0748 -0.1159
vn 0.2441 0.8418 -0.4814
vn -0.6662 0.4816 0.5695
vn -0.1797 0.9826 0.0467
vn -0.7979 0.1342 -0.5876
vn 0.2659 -0.7292 -0.6305
vn 0.6229 0.0886 -0.7773
vn -0.8594 0.5072 0.0653
vn 0.6382 -0.6360 -0.4338
vn 0.9176 -0.0533 -0.3940
vn -0.7943 -0.2232 -0.5651
vn 0.4730 -0.5989 -0.6462
vn 0.8455 -0.1991 -0.4955
vn -0.8461 0.2368 0.4776
vn 0.3655 0.7862 -0.4983
vn -0.5979 0.5768 0.5565
vn 0.1963 0.2257 -0.9542
vn 0.1418 0.5026 0.8528
vn 0.2139 -0.5633 0.7981
vn -0.4858 0.6263 -0.6097
vn 0.6814 -0.1651 -0.7130
vn 0.1751 -0.4482 -0.8766
vn 0.2994 -0.4133 -0.8599
vn 0.5489 -0.7973 0.2510
vn -0.0615 -0.8119 0.5806
vn 0.5675 0.6729 -0.4745
vn 0.9786 -0.1796 -0.1005
vn 0.4887 -0.5084 -0.7090
vn 0.8441 0.5362 -0.0008
vn 0.0744 0.8506 -0.5205
vn -0.7599 -0.3717 0.5334
vn 0.9989 0.0058 -0.0474
vn -0.7970 -0.4723 0.3764
vn -0.9805 0.1674 0.1034
vn -0.8038 -0.5056 0.3135
vn -0.5430 0.1139 0.8320
vn 0.5671 -0.6202 -0.5420
vn 0.2763 0.9534 0.1211
vn -0.9158 -0.3210 -0.2412
vn 0.0710 -0.2929 0.9535
vn -0.2899 -0.9499 -0.1172
vn -0.3855 0.7142 -0.5842
vn -0.8151 0.5642 -0.1313
vn 0.7744 0.5172 -0.3644
vn 0.7353 0.5164 0.4390
vn 0.1283 -0.1950 0.9724
vn -0.5169 0.7764 -0.3605
vn 0.8342 -0.0360 0.5504
vn -0.9619 0.0338 0.2714
vn -0.6417 0.5471 -0.5374
vn 0.5161 -0.7782 0.3579
vn -0.8414 0.5394 0.0322
vn 0.1475 -0.4761 -0.8669
vn 0.8446 -0.5345 -0.0324
vn -0.0984 0.2233 -0.9698
vn -0.6696 -0.6085 -0.4259
vn 0.4651 0.8020 -0.3749
vn 0.0759 0.8869 -0.4557
vn 0.4862 0.7043 -0.5174
vn -0.5159 0.6667 0.5379
vn -0.8042 -0.4564 -0.3808
vn 0.8562 0.5112 0.0746
vn -0.5012 -0.1434 0.8534
vn 0.0759 -0.6200 -0.7810
vn 0.4651 -0.5759 -0.6723
vn 0.3630 0.7478 -0.5559
vn 0.9232 0.2426 -0.2983
vn -0.1963 0.7492 -0.6326
vn -0.8118 0.2515 -0.5271
vn -0.3786 -0.6521 0.6568
vn 0.3669 0.6703 -0.6450
vn -0.0750 -0.4661 -0.8816
vn 0.0728 -0.7913 0.6071
vn 0.4424 0.7079 -0.5506
vn 0.7275 0.1170 -0.6760
vn 0.5286 -0.4829 -0.6981
vn 0.4529 0.7748 0.4411
vn -0.0972 0.9920 0.0808
vn -0.3414 0.9399 0.0083
vn 0.5481 0.6895 -0.4735
vn -0.4691 0.6840 0.5587
vn 0.8578 -0.4841 -0.1725
vn -0.2002 0.8970 -0.3942
vn 0.0260 0.0219 0.9994
vn 0.6184 0.7110 -0.3347
vn -0.6133 0.7366 -0.2851
vn 0.6806 -0.2896 -0.6730
vn 0.1486 -0.6494 0.7458
vn -0.8719 0.4897 -0.0016
vn -0.6986 0.7035 -0.1301
vn 0.5645 0.4570 -0.6874
vn 0.4447 0.4145 -0.7940
vn -0.2002 -0.6545 -0.7291
vn 0.3417 -0.4795 -0.8083
vn -0.9746 0.1738 -0.1413
vn -0.4913 0.7187 -0.4920
vn -0.7620 -0.3814 -0.5234
vn 0.1867 0.3693 -0.9104
vn 0.8230 0.4559 -0.3390
vn -0.9066 -0.4221 -0.0014
vn -0.9856 -0.1688 -0.0094
vn 0.7879 -0.4831 -0.3820
vn 0.5365 -0.2826 -0.7951
vn 0.9348 0.2788 -0.2200
vn 0.9998 0.0111 0.0164
vn -0.4174 -0.8627 0.2855
vn -0.0599 0.1046 -0.9927
vn 0.5278 0.0195 -0.8492
vn 0.7862 0.3667 0.4974
vn -0.1028 0.9945 -0.0202
vn 0.1379 -0.0609 -0.9886
vn 0.9187 0.2117 0.3333
vn -0.5810 -0.0046 -0.8139
vn -0.9341 -0.2311 -0.2723
vn 0.7608 -0.2484 -0.5995
vn 0.4374 -0.2782 0.8552
vn 0.1780 -0.5168 -0.8374
vn -0.1143 -0.7144 -0.6904
vn -0.5884 0.7797 -0.2141
vn -0.4455 0.8837 -0.1435
vn -0.8797 0.1040 -0.4639
vn -0.3002 0.5434 -0.7840
vn 0.2177 0.8299 -0.5137
vn 0.3189 0.3957 0.8612
vn 0.7792 0.4720 -0.4124
vn 0.4589 -0.0882 0.8841
vn -0.2654 -0.7531 -0.6020
vn 0.1525 0.2533 -0.9553
vn 0.9080 -0.3598 0.2148
vn 0.3342 0.8092 0.4833
vn -1.0000 0.0013 -0.0009
vn -0.0900 0.9858 0.1419
vn -0.1511 -0.2533 0.9555
vn -0.4856 0.2194 0.8462
vn 0.9404 -0.2768 0.1977
vn 0.0262 -0.5091 0.8603
vn 0.9898 -0.0591 -0.1293
vn -0.6352 0.3352 0.6959
vn 0.8831 0.4692 -0.0084
vn -0.9188 -0.2833 -0.2750
vn 0.8929 0.3407 -0.2946
vn 0.9474 0.1558 -0.2796
vn -0.4308 -0.7815 0.4513
vn -0.6217 0.1840 -0.7614
vn -0.0955 -0.7840 0.6133
vn -0.0121 0.2215 -0.9751
vn 0.1803 0.9836 -0.0017
vn 0.8795 0.3058 0.3646
vn 0.7958 -0.3095 0.5205
vn 0.1302 -0.9695 0.2075
vn 0.0923 0.7765 -0.6233
vn -0.6353 0.7569 0.1535
vn 0.8331 0.1576 0.5302
vn -0.7181 -0.6742 -0.1725
vn -0.4789 -0.8758 -0.0601
vn -0.1423 0.9688 -0.2031
vn -0.6986 -0.5872 -0.4087
vn -0.8562 -0.3680 -0.3626
vn -0.0810 -0.8761 -0.4754
vn -0.1443 -0.7186 -0.6803
vn -0.8118 -0.0117 -0.5839
vn 0.7115 0.6952 -0.1021
vn -0.8217 0.3518 -0.4484
vn -0.8317 -0.3464 -0.4339
vn -0.1159 0.9904 -0.0750
vn 0.9074 0.2153 -0.3610
vn 0.4966 0.0331 -0.8674
vn 0.7442 -0.0592 -0.6653
vn 0.1867 0.0391 -0.9816
vn -0.3825 -0.1749 -0.9072
vn -0.7667 -0.3868 0.5123
vn -0.6952 -0.0635 -0.7160
vn -0.4713 -0.8664 -0.1652
vn 0.7740 0.0342 -0.6323
vn 0.9989 0.0057 0.0458
vn -0.8961 -0.3948 -0.2029
vn -0.2231 0.5938 -0.7731
vn -0.0791 0.8130 -0.5768
vn 0.9120 -0.3832 -0.1461
vn 0.9350 0.0417 -0.3521
vn -0.8863 -0.1832 -0.4254
vn -0.8442 -0.4902 0.2170
vn -0.0884 -0.9961 0.0041
vn 0.9794 0.1416 0.1441
vn 0.2892 0.5121 -0.8088
vn -0.3328 0.7402 -0.5843
vn 0.7621 0.5044 -0.4061
vn 0.8315 0.5048 -0.2320
vn 0.4730 0.8122 -0.3416
vn 0.1340 0.8931 -0.4295
vn 0.6644 -0.7240 -0.1854
vn 0.6105 0.6001 -0.5170
vn 0.7016 0.5585 -0.4426
vn -0.2811 0.9596 0.0134
vn -0.6992 -0.4710 -0.5378
vn -0.8950 0.2792 0.3479
vn 0.8315 -0.5554 0.0103
vn -0.7783 -0.2072 -0.5927
vn 0.9993 -0.0115 0.0351
vn 0.8231 0.1529 -0.5469
vn -0.5583 0.1486 -0.8162
vn -0.7921 -0.3306 0.5131
vn -0.5491 -0.3029 -0.7789
vn -0.3674 -0.6285 0.6856
vn -0.4455 -0.7458 -0.4952
vn -0.4513 -0.7643 -0.4606
vn -0.5979 0.2073 -0.7743
vn -0.6908 0.0532 0.7211
vn -0.2248 -0.5910 -0.7747
vn 0.1495 0.9389 -0.3100
vn 0.0109 0.9634 -0.2679
vn 0.5440 0.7565 -0.3631
vn 0.2264 0.7642 -0.6039
vn 0.4596 0.6956 -0.5522
vn -0.0926 0.9883 -0.1209
vn -0.4200 -0.3277 -0.8463
vn -0.3549 -0.7755 0.5221
vn -0.0938 -0.8703 -0.4835
vn -0.0926 -0.8505 -0.5178
vn -0.8408 0.3550 -0.4087
vn -0.2008 -0.4873 -0.8498
vn 0.1026 -0.2260 0.9687
vn -0.0912 -0.8026 0.5895
vn -0.1297 -0.7804 0.6117
vn 0.5209 0.0147 -0.8535
vn 0.3288 0.6091 0.7217
vn 0.8946 -0.1722 0.4123
vn 0.1312 0.7983 -0.5879
vn -0.7976 -0.5039 -0.3316
vn 0.0904 0.7960 -0.5986
vn 0.0595 0.8183 -0.5716
vn -0.6201 -0.7810 -0.0742
vn -0.5999 -0.7944 -0.0952
vn 0.7439 0.6541 -0.1370
vn 0.5326 0.7881 -0.3085
vn 0.0109 -0.7671 -0.6415
vn 0.1218 -0.6126 -0.7810
vn 0.8214 -0.5425 -0.1762
vn 0.5633 -0.5526 -0.6143
vn 0.2052 0.4772 0.8545
vn -0.0168 0.8252 -0.5646
vn 0.0081 -0.8374 0.5466
vn -0.5178 0.5646 -0.6427
vn -0.2868 0.2040 0.9360
vn -0.3114 0.7003 -0.6423
vn -0.1738 0.4373 0.8824
vn -0.2004 0.7616 -0.6163
vn -0.0478 0.4492 0.8921
vn 0.7855 0.3006 -0.5410
vn 0.7509 0.4847 -0.4485
vn -0.5217 0.0954 -0.8477
vn -0.7896 -0.0708 0.6095
vn 0.2047 0.6674 -0.7160
vn 0.7267 -0.1773 0.6637
vn 0.6690 -0.6275 -0.3985
vn 0.7697 -0.5325 -0.3521
vn -0.0762 0.7983 -0.5974
vn 0.9377 0.0207 0.3469
vn -0.9910 0.0905 0.0990
vn 0.7086 0.6999 0.0895
vn -0.7220 -0.6854 -0.0951
vn 0.8719 -0.4634 0.1580
vn -0.0027 0.8036 -0.5952
vn -0.9352 -0.1599 0.3159
vn 0.4164 0.1400 -0.8983
vn -0.0009 -0.7770 0.6294
vn -0.4058 0.6219 -0.6698
vn -0.2971 0.4020 0.8661
vn 0.0761 0.4561 0.8867
vn -0.1508 0.8056 -0.5730
vn 0.1448 -0.8211 0.5521
vn -0.0976 -0.9476 -0.3043
vn 0.8881 -0.2551 -0.3823
vn -0.2239 0.9452 0.2378
vn 0.2776 0.9607 -0.0070
vn -0.9953 -0.0061 0.0969
vn -0.7789 0.5991 -0.1851
vn 0.7551 -0.5594 -0.3418
vn 0.8941 -0.3391 -0.2927
vn 0.8387 0.1133 -0.5327
vn 0.8412 -0.3291 -0.4290
vn -0.7167 0.6540 -0.2422
vn -0.2810 -0.8526 -0.4406
vn 0.7541 -0.3081 -0.5801
vn 0.4851 -0.0773 -0.8710
vn 0.7835 0.0512 -0.6193
vn 0.4123 0.5092 -0.7554
vn 0.8349 0.0623 -0.5468
vn 0.4021 -0.0949 -0.9106
vn 0.9946 0.1031 -0.0133
vn 0.8990 0.3365 -0.2803
vn 0.6007 0.1508 -0.7851
vn 0.7046 0.6910 -0.1614
vn 0.8057 0.1881 0.5617
vn -0.8461 0.3494 -0.4024
vn 0.6023 0.4688 -0.6461
vn 0.6579 0.1028 -0.7460
vn 0.4713 0.0039 -0.8819
vn 0.6132 -0.3110 -0.7262
vn -0.8770 -0.1756 -0.4472
vn -0.4036 0.6435 -0.6504
vn -0.6157 -0.7850 0.0683
vn -0.8816 -0.4546 -0.1272
vn -0.3815 0.9241 0.0224
vn -0.4273 0.8989 0.0968
vn -0.6068 -0.7772 0.1664
vn -0.9301 -0.2966 0.2165
vn 0.9558 -0.2730 -0.1095
vn -0.2758 0.7966 -0.5379
vn -0.7075 0.4956 -0.5037
vn 0.2893 -0.9494 -0.1222
vn -0.2579 0.9638 -0.0671
vn -0.6206 -0.5963 0.5091
vn -0.9475 0.2514 0.1977
vn -0.7730 -0.6219 -0.1256
vn 0.6246 -0.3767 -0.6841
vn 0.4402 0.5026 -0.7441
vn -0.4691 -0.8374 -0.2805
vn -0.9506 -0.0290 -0.3092
vn -0.8163 -0.3528 -0.4573
vn 0.0984 0.9184 -0.3832
vn 0.0814 0.4546 -0.8870
vn 0.7551 0.6506 -0.0806
vn 0.8941 0.4296 -0.1267
vn 0.0286 0.4855 -0.8738
vn -0.6107 0.1070 -0.7846
vn 0.9370 -0.1824 -0.2979
vn 0.9184 -0.1400 -0.3701
vn 0.6864 -0.0565 -0.7251
vn -0.7145 0.6583 0.2369
vn -0.8871 0.3154 -0.3371
vn -0.2586 0.9659 0.0108
vn 0.7657 -0.5853 -0.2667
vn 0.8788 -0.2665 -0.3959
vn -0.3689 0.8059 -0.4631
vn -0.1855 0.8695 -0.4577
vn -0.7709 -0.4493 0.4516
vn 0.2730 0.9254 0.2628
vn 0.7299 0.5191 -0.4448
vn -0.4596 -0.5896 0.6642
vn -0.2841 0.9576 0.0485
vn 0.7111 0.6412 -0.2885
vn -0.3445 -0.9141 -0.2137
vn -0.9386 -0.1588 0.3061
vn 0.5974 0.1108 0.7943
vn 0.6050 -0.7009 -0.3778
vn -0.7758 0.6305 -0.0233
vn 0.1109 -0.5298 0.8408
vn 0.1217 -0.6724 -0.7301
vn -0.6087 0.2265 -0.7604
vn 0.0759 -0.6200 -0.7809
vn 0.0748 -0.6063 -0.7917
vn -0.0310 -0.0925 -0.9952
vn 0.0748 0.8789 -0.4711
vn 0.2998 0.2893 -0.9091
vn 0.7777 -0.4763 -0.4102
vn 0.7128 -0.5778 -0.3976
vn -0.0931 -0.9918 0.0874
vn 0.3449 0.3674 0.8638
vn -0.6636 -0.7436 0.0818
vn 0.0075 -0.9689 -0.2474
vn 0.7106 0.6813 -0.1758
vn 0.8317 0.5400 -0.1291
vn -0.1459 -0.9879 -0.0530
vn -0.3725 -0.9263 0.0567
vn 0.3496 -0.7153 -0.6051
vn 0.9872 -0.1029 -0.1217
vn 0.5167 -0.4930 -0.6999
vn 0.2687 -0.1289 -0.9546
vn 0.5773 0.6636 -0.4758
vn 0.5019 0.7249 -0.4718
vn -0.9593 -0.1558 -0.2354
vn -0.9675 0.2442 0.0652
vn -0.1817 0.7500 -0.6360
vn 0.3627 0.7703 -0.5245
vn -0.9759 -0.0594 -0.2100
vn 0.6032 -0.7827 -0.1535
vn 0.6334 -0.7298 -0.2573
vn 0.6941 -0.7137 -0.0945
vn 0.7025 0.5700 -0.4261
vn 0.1599 0.1929 -0.9681
vn 0.3550 0.7584 -0.5467
vn -0.9140 0.1715 -0.3677
vn 0.0741 -0.9496 -0.3045
vn -0.0304 -0.9914 -0.1276
vn 0.6304 0.7762 0.0091
vn 0.7415 0.6545 -0.1478
vn 0.3347 -0.3091 -0.8902
vn -0.0070 -0.5192 -0.8546
vn -0.1005 0.9923 0.0730
vn 0.0957 0.9954 -0.0074
vn 0.3252 -0.3942 -0.8596
vn -0.7566 -0.0868 -0.6481
vn -0.5419 -0.1625 -0.8246
vn -0.3822 -0.7695 -0.5116
vn -0.6976 -0.7131 -0.0692
vn -0.5401 -0.5326 -0.6517
vn -0.2846 -0.5687 -0.7718
vn -0.8015 -0.3307 -0.4982
vn -0.9390 -0.1606 -0.3041
vn 0.5483 -0.5695 -0.6124
vn -0.1442 -0.7084 -0.6910
vn -0.5840 0.7777 -0.2324
vn -0.4965 0.8609 -0.1109
vn 0.9777 -0.0831 -0.1929
vn 0.8613 -0.1763 -0.4766
vn -0.6206 -0.6955 -0.3621
vn -0.9702 -0.1872 0.1539
vn -0.9175 -0.3594 -0.1705
vn -0.3403 -0.5689 -0.7487
vn -0.3095 -0.7621 -0.5686
vn -0.6107 0.2262 -0.7589
vn 0.0888 -0.7920 -0.6040
vn 0.3140 -0.2313 -0.9208
vn 0.3876 -0.5887 -0.7094
vn -0.2888 -0.7699 -0.5691
vn -0.2127 -0.7313 -0.6481
vn -0.3762 0.6180 -0.6903
vn -0.6890 -0.3117 -0.6543
vn -0.9898 -0.1342 0.0483
vn -0.3980 0.7286 0.5575
vn 0.5649 0.4410 0.6975
vn 0.9322 0.3566 -0.0621
vn 0.6438 0.6179 -0.4514
vn -0.8547 -0.1783 -0.4875
vn 0.5272 0.3402 -0.7787
vn -0.7809 -0.2674 -0.5645
vn -0.6007 -0.5647 -0.5659
vn -0.6559 -0.6949 -0.2949
vn -0.6052 -0.5322 -0.5921
vn -0.6945 -0.5705 -0.4384
vn 0.1448 0.9514 -0.2718
vn 0.2163 0.9706 -0.1057
vn 0.2200 -0.9754 -0.0133
vn -0.6052 0.7290 -0.3198
vn -0.6945 0.7005 -0.1640
vn 0.1448 -0.7546 -0.6400
vn 0.2162 -0.8406 -0.4967
vn -0.2202 -0.8809 -0.4190
vn 0.8169 -0.1480 0.5575
vn 0.8543 -0.1041 -0.5093
vn 0.6592 0.2039 -0.7238
vn -0.7641 0.4959 -0.4124
vn 0.0525 0.2319 -0.9713
vn 0.7046 -0.2153 -0.6762
vn 0.5130 0.0703 -0.8555
vn 0.6672 -0.2725 -0.6933
vn 0.6514 -0.3778 -0.6580
vn -0.2543 -0.0047 -0.9671
vn 0.2657 -0.2197 -0.9387
vn 0.5981 0.2486 -0.7619
vn -0.0295 -0.0915 -0.9954
vn -0.2730 -0.8080 -0.5221
vn -0.0286 0.1178 -0.9926
vn 0.8929 0.0072 -0.4503
vn 0.5098 0.1321 -0.8501
vn 0.9178 -0.3555 -0.1770
vn 0.8616 -0.4051 -0.3058
vn -0.3540 -0.6554 -0.6671
vn -0.2196 0.1402 -0.9655
vn 0.6506 0.4599 -0.6043
vn 0.9297 0.2802 -0.2392
vn 0.2056 0.8114 -0.5472
vn -0.2547 0.6383 -0.7264
vn -0.7063 0.2166 -0.6740
vn -0.4516 0.5599 -0.6947
vn -0.1418 -0.0581 -0.9882
vn 0.5981 0.0878 -0.7966
vn -0.0295 0.4939 -0.8690
vn -0.2547 -0.2819 -0.9250
vn 0.2056 -0.5134 -0.8332
vn 0.4586 -0.0320 -0.8880
vn 0.3712 0.4225 -0.8269
vn 0.5658 -0.5785 -0.5875
vn 0.7048 -0.1062 -0.7014
vn 0.4499 0.6305 0.6325
vn -0.6200 -0.7767 0.1106
vn -0.5573 -0.8108 -0.1790
vn -0.7675 0.4332 -0.4725
vn 0.2046 0.8090 -0.5510
vn 0.5408 0.6177 -0.5710
vn 0.9549 0.1182 -0.2725
vn 0.2941 -0.8814 -0.3696
vn -0.9632 0.1386 0.2302
vn 0.3637 0.3563 -0.8607
vn 0.5233 0.3776 -0.7639
vn -0.2801 -0.3426 -0.8967
vn 0.7025 -0.3435 -0.6233
# 834 vertex normals

o mountain
g mountain
s off
f 452//839 453//839 454//839 
f 455//840 456//840 457//840 
f 458//841 459//841 460//841 
f 461//842 462//842 463//843 
f 464//844 465//844 466//844 
f 467//845 468//845 469//845 
f 470//846 471//846 472//846 
f 473//847 474//847 475//847 
f 476//848 477//848 478//848 
f 479//849 480//849 481//849 
f 482//850 469//850 468//850 
f 483//851 484//851 485//851 
f 486//852 487//852 488//852 
f 489//853 490//853 491//853 
f 492//854 493//854 494//854 
f 495//855 496//855 497//855 
f 498//856 499//856 500//856 
f 501//857 502//857 503//857 
f 487//852 504//852 488//852 
f 485//858 505//858 483//858 
f 506//859 507//859 508//859 
f 509//860 510//860 511//860 
f 512//861 513//861 514//861 
f 515//862 516//862 517//862 
f 516//863 518//863 517//863 
f 519//864 520//864 521//864 
f 522//865 523//865 524//865 
f 525//866 526//866 527//866 
f 528//867 529//867 530//867 
f 531//868 532//868 533//868 
f 534//869 474//869 473//869 
f 462//870 497//870 463//870 
f 480//871 479//871 535//871 
f 536//872 537//872 458//872 
f 538//873 539//873 470//873 
f 540//874 541//874 498//874 
f 542//875 543//875 544//875 
f 503//876 545//876 546//876 
f 547//877 548//877 549//877 
f 550//878 551//878 552//878 
f 553//879 554//879 555//879 
f 556//880 557//880 540//880 
f 465//881 464//881 558//881 
f 521//882 559//882 560//882 
f 515//883 561//883 562//883 
f 561//884 518//884 562//884 
f 466//885 563//885 564//885 
f 507//886 565//886 566//886 
f 567//887 568//887 569//887 
f 567//888 570//888 568//888 
f 571//845 467//845 469//845 
f 572//889 573//889 574//889 
f 515//890 575//890 576//890 
f 575//891 518//891 576//891 
f 577//892 578//892 579//892 
f 580//893 581//893 582//893 
f 583//894 584//894 585//894 
f 540//895 557//895 586//895 
f 587//896 468//896 588//896 
f 491//897 490//897 506//898 
f 589//899 590//899 506//899 
f 520//900 453//900 591//900 
f 592//901 593//901 515//901 
f 592//902 518//902 593//902 
f 594//903 595//903 596//903 
f 504//904 487//904 597//904 
f 598//905 599//905 600//905 
f 493//906 492//906 601//906 
f 602//907 603//907 604//907 
f 605//908 603//908 606//908 
f 607//909 603//909 606//909 
f 608//910 606//910 603//910 
f 607//911 606//911 603//911 
f 603//910 609//910 608//910 
f 603//912 602//912 609//912 
f 605//913 606//913 603//913 
f 610//914 578//914 611//914 
f 473//915 475//915 552//915 
f 471//916 470//916 612//916 
f 526//917 613//917 527//917 
f 507//918 614//918 615//918 
f 489//919 481//919 616//919 
f 570//920 617//920 568//920 
f 569//921 568//921 617//921 
f 618//922 619//922 620//922 
f 621//923 622//923 550//923 
f 623//924 624//924 625//924 
f 553//925 625//925 626//925 
f 627//926 628//926 629//926 
f 630//927 496//927 631//928 
f 515//929 632//929 633//929 
f 632//930 518//930 633//930 
f 634//931 505//931 528//931 
f 452//932 454//932 635//932 
f 481//933 489//933 636//933 
f 541//934 637//934 638//934 
f 639//935 514//935 640//935 
f 641//936 642//936 643//936 
f 644//937 606//937 603//937 
f 644//938 603//938 606//938 
f 645//939 646//939 515//939 
f 647//940 518//940 646//940 
f 587//941 648//941 649//941 
f 543//942 542//942 648//942 
f 486//943 488//943 506//944 
f 522//945 524//945 650//945 
f 572//946 651//946 652//946 
f 599//947 584//947 653//947 
f 581//893 654//893 582//893 
f 539//948 538//948 655//948 
f 656//949 657//949 585//949 
f 642//950 641//950 482//950 
f 658//951 455//951 457//840 
f 659//952 560//952 660//952 
f 495//953 560//953 559//953 
f 661//954 662//954 545//955 
f 663//956 639//956 640//956 
f 664//957 515//957 665//957 
f 518//958 666//958 665//958 
f 667//959 602//959 608//959 
f 668//960 608//960 602//960 
f 669//961 608//961 602//961 
f 604//962 608//962 670//962 
f 668//963 602//963 608//963 
f 671//964 602//964 608//964 
f 672//965 673//965 674//965 
f 622//966 621//966 547//966 
f 675//967 477//967 525//967 
f 676//968 556//968 677//968 
f 678//969 679//969 680//969 
f 502//970 501//970 512//970 
f 597//971 681//971 504//971 
f 682//972 619//972 618//972 
f 667//973 606//973 603//973 
f 667//974 603//974 606//974 
f 683//975 684//975 685//975 
f 537//976 686//976 687//976 
f 688//977 608//977 602//977 
f 604//978 670//978 602//978 
f 689//979 612//979 470//979 
f 590//980 589//980 690//980 
f 691//981 692//981 693//981 
f 614//982 510//982 565//982 
f 464//983 694//983 695//983 
f 565//984 696//984 566//984 
f 490//985 697//985 506//985 
f 481//986 697//986 490//986 
f 698//987 699//987 700//987 
f 701//988 515//988 646//988 
f 701//989 646//989 518//989 
f 702//990 637//990 703//990 
f 702//991 704//991 705//991 
f 594//992 706//992 707//992 
f 707//993 564//993 708//993 
f 600//994 463//994 630//994 
f 709//995 630//995 631//928 
f 710//996 711//996 712//996 
f 710//997 713//997 711//997 
f 714//998 596//998 595//998 
f 714//999 635//999 715//999 
f 716//1000 717//1000 518//1000 
f 716//1001 515//1001 717//1001 
f 515//1002 671//1002 608//1002 
f 518//1003 602//1003 671//1003 
f 688//1004 671//1004 515//1004 
f 688//1005 518//1005 671//1005 
f 718//1006 719//1006 720//1006 
f 718//1007 720//1007 719//1007 
f 515//1008 721//1008 722//1008 
f 721//1009 518//1009 722//1009 
f 723//1010 515//1010 724//1010 
f 723//1011 724//1011 518//1011 
f 471//1012 523//1012 725//1012 
f 682//1013 726//1013 619//1013 
f 692//1014 691//1014 727//1014 
f 535//1015 573//1015 480//1015 
f 568//1016 728//1016 729//1016 
f 568//1017 617//1017 728//1017 
f 515//1018 730//1018 731//1018 
f 730//1019 518//1019 731//1019 
f 582//1020 732//1020 733//1020 
f 734//1021 459//1021 735//1021 
f 736//1022 737//1022 738//1022 
f 577//1023 655//1023 538//1023 
f 499//1024 498//1024 739//1024 
f 526//1025 740//1025 741//1025 
f 742//1026 606//1026 603//1026 
f 742//1027 603//1027 606//1027 
f 465//1028 743//1028 532//1028 
f 520//1029 744//1029 521//1029 
f 515//1030 745//1030 746//1030 
f 745//1031 518//1031 746//1031 
f 747//1032 748//1032 749//1032 
f 749//1033 486//1033 506//1033 
f 567//1034 750//1034 751//1034 
f 567//1035 751//1035 752//1035 
f 753//1036 754//1036 755//1036 
f 753//1037 755//1037 756//1037 
f 505//1038 634//1038 483//1038 
f 454//1039 699//1039 698//1039 
f 757//1040 476//1040 478//1040 
f 758//1041 757//1041 675//1041 
f 683//1042 474//1042 534//1042 
f 485//1043 674//1043 505//1043 
f 592//1044 515//1044 759//1044 
f 518//1045 592//1045 759//1045 
f 592//1046 645//1046 647//1046 
f 760//1047 645//1047 647//1047 
f 701//1048 647//1048 645//1048 
f 645//1049 515//1049 593//1049 
f 518//1050 647//1050 645//1050 
f 645//1050 593//1050 518//1050 
f 592//1051 647//1051 645//1051 
f 646//1052 647//1052 645//1052 
f 761//1053 647//1053 645//1053 
f 701//1054 645//1054 647//1054 
f 646//940 645//940 647//940 
f 646//1055 645//1055 647//1055 
f 762//1056 763//1056 518//1056 
f 764//1057 515//1057 763//1057 
f 642//1058 765//1058 643//1058 
f 468//1059 587//1059 766//1059 
f 767//1060 768//1060 769//1060 
f 770//1061 768//1061 769//1061 
f 771//1062 768//1062 769//1062 
f 772//1063 769//1063 768//1063 
f 773//1064 769//1064 768//1064 
f 774//1065 769//1065 768//1065 
f 775//1066 769//1066 768//1066 
f 775//1067 768//1067 769//1067 
f 772//1068 768//1068 769//1068 
f 773//1069 768//1069 769//1069 
f 770//1070 769//1070 768//1070 
f 771//1071 769//1071 768//1071 
f 467//1072 571//1072 776//1072 
f 651//1073 572//1073 574//1073 
f 549//1074 548//1074 597//1074 
f 706//1075 594//1075 596//1075 
f 515//1076 608//1076 669//1076 
f 602//1077 518//1077 669//1077 
f 668//1078 515//1078 669//1078 
f 668//1079 669//1079 518//1079 
f 631//1080 496//1080 777//1080 
f 558//1081 778//1081 559//1081 
f 779//1082 720//1082 780//1082 
f 779//1083 780//1083 720//1083 
f 718//1084 780//1084 720//1084 
f 781//1085 719//1085 720//1085 
f 718//1086 720//1086 780//1086 
f 720//1087 719//1087 780//1087 
f 513//1088 662//1088 782//1088 
f 512//1089 501//1089 513//1089 
f 548//1074 681//1074 597//1074 
f 621//1090 550//1090 783//1090 
f 461//1091 463//1091 653//1091 
f 630//1092 709//1092 784//1092 
f 492//1093 785//1093 601//1093 
f 515//1094 786//1094 759//1094 
f 786//1095 518//1095 759//1095 
f 701//1096 787//1096 515//1096 
f 701//1097 518//1097 787//1097 
f 788//1098 661//1098 545//955 
f 623//1099 789//1099 624//1099 
f 519//1100 790//1100 791//1100 
f 792//1101 793//1101 515//1101 
f 792//1102 518//1102 793//1102 
f 693//1103 481//1103 794//1103 
f 481//1104 693//1104 697//1104 
f 665//1105 666//1105 664//1105 
f 795//1106 666//1106 664//1106 
f 796//1107 664//1107 666//1107 
f 797//1108 666//1108 664//1108 
f 798//1109 664//1109 666//1109 
f 795//1110 664//1110 666//1110 
f 796//1111 666//1111 664//1111 
f 799//1112 664//1112 666//1112 
f 800//1113 666//1113 664//1113 
f 800//1114 664//1114 666//1114 
f 796//1115 665//1115 515//1115 
f 796//1116 518//1116 665//1116 
f 524//1117 589//1117 506//1117 
f 620//1118 524//1118 506//1118 
f 801//1119 768//1119 769//1119 
f 801//1120 769//1120 768//1120 
f 802//1121 515//1121 803//1121 
f 802//1122 803//1122 518//1122 
f 804//1123 805//1123 806//1123 
f 807//1124 805//1124 806//1124 
f 808//1125 806//1125 805//1125 
f 809//1126 805//1126 806//1126 
f 804//1127 806//1127 805//1127 
f 810//1128 805//1128 806//1128 
f 811//1129 805//1129 806//1129 
f 808//1130 805//1130 806//1130 
f 812//1131 806//1131 805//1131 
f 807//1132 806//1132 805//1132 
f 810//1133 806//1133 805//1133 
f 811//1134 806//1134 805//1134 
f 813//1135 805//1135 806//1135 
f 813//1136 806//1136 805//1136 
f 814//1137 815//1137 816//1137 
f 817//1138 815//1138 816//1138 
f 818//1139 816//1139 815//1139 
f 819//1140 815//1140 816//1140 
f 820//1141 815//1141 816//1141 
f 821//1142 815//1142 816//1142 
f 818//1143 815//1143 816//1143 
f 814//1144 816//1144 815//1144 
f 821//1145 816//1145 815//1145 
f 819//1146 816//1146 815//1146 
f 822//1147 816//1147 815//1147 
f 820//1148 816//1148 815//1148 
f 812//1149 809//1149 806//1149 
f 812//1150 805//1150 809//1150 
f 823//1151 489//1151 824//1151 
f 824//853 489//853 491//853 
f 626//1152 625//1152 825//1152 
f 502//857 826//857 503//857 
f 516//1153 515//1153 787//1153 
f 516//1154 787//1154 518//1154 
f 622//1155 547//1155 673//1155 
f 505//931 529//931 528//931 
f 721//1156 515//1156 517//1156 
f 518//1157 721//1157 517//1157 
f 774//1158 768//1158 827//1158 
f 774//1159 827//1159 769//1159 
f 584//1160 599//1160 828//1160 
f 599//1161 598//1161 828//1161 
f 557//1162 556//1162 502//1162 
f 680//1163 704//1163 829//1163 
f 830//1164 815//1164 816//1164 
f 830//1165 816//1165 815//1165 
f 589//1166 524//1166 831//1166 
f 689//1167 589//1167 612//1167 
f 695//1168 696//1168 565//1168 
f 510//1169 509//1169 565//1169 
f 632//1170 515//1170 722//1170 
f 632//1171 722//1171 518//1171 
f 726//1172 682//1172 737//1172 
f 736//1173 726//1173 737//1173 
f 459//1174 734//1174 460//1174 
f 734//1175 732//1175 578//1175 
f 779//1176 763//1176 515//1176 
f 779//1177 518//1177 763//1177 
f 606//1178 608//1178 604//1178 
f 604//1179 603//1179 606//1179 
f 797//1180 664//1180 798//1180 
f 797//1181 798//1181 666//1181 
f 832//1182 656//1182 833//1182 
f 553//924 623//924 625//924 
f 580//1183 582//1183 455//1183 
f 613//1041 758//1041 675//1041 
f 613//1184 590//1184 758//1184 
f 683//1185 534//1185 834//1185 
f 730//1186 515//1186 633//1186 
f 730//1187 633//1187 518//1187 
f 835//1188 461//1188 653//1188 
f 657//949 583//949 585//949 
f 679//1189 702//1189 705//1189 
f 679//1190 648//1190 836//1190 
f 707//1191 486//1191 564//1191 
f 486//1192 749//1192 748//1192 
f 610//1193 537//1193 536//1193 
f 475//1194 686//1194 837//1194 
f 551//915 473//915 552//915 
f 672//1155 622//1155 673//1155 
f 676//1195 626//1195 556//1195 
f 554//1196 477//1196 476//1196 
f 593//1197 645//1197 647//1197 
f 593//1198 647//1198 645//1198 
f 575//1199 515//1199 731//1199 
f 575//1200 731//1200 518//1200 
f 823//1201 544//1201 489//1201 
f 823//875 542//875 544//875 
f 838//1202 518//1202 515//1202 
f 839//1203 515//1203 518//1203 
f 840//1204 518//1204 515//1204 
f 841//1205 518//1205 515//1205 
f 842//1206 515//1206 518//1206 
f 671//1003 515//1003 518//1003 
f 843//1207 515//1207 518//1207 
f 793//1208 518//1208 515//1208 
f 617//1209 515//1209 518//1209 
f 518//1210 515//1210 718//1210 
f 844//1211 518//1211 515//1211 
f 845//1212 518//1212 515//1212 
f 845//1213 515//1213 518//1213 
f 792//1214 515//1214 518//1214 
f 786//1215 515//1215 518//1215 
f 846//1216 515//1216 518//1216 
f 847//1217 518//1217 515//1217 
f 844//1218 515//1218 518//1218 
f 515//1219 518//1219 779//1219 
f 666//1220 518//1220 515//1220 
f 762//1221 518//1221 515//1221 
f 848//1222 515//1222 518//1222 
f 795//1223 515//1223 518//1223 
f 849//1224 518//1224 515//1224 
f 848//1225 518//1225 515//1225 
f 850//1226 518//1226 515//1226 
f 671//1227 518//1227 515//1227 
f 847//1228 515//1228 518//1228 
f 851//1229 752//1229 750//1229 
f 852//1230 752//1230 750//1230 
f 853//1231 752//1231 750//1231 
f 852//1232 750//1232 752//1232 
f 753//1233 750//1233 752//1233 
f 754//1234 750//1234 752//1234 
f 853//1235 750//1235 752//1235 
f 854//1236 752//1236 750//1236 
f 567//1237 752//1237 750//1237 
f 854//1238 750//1238 752//1238 
f 753//1239 752//1239 750//1239 
f 851//1240 750//1240 752//1240 
f 631//1241 778//1241 628//1241 
f 778//1242 558//1242 628//1242 
f 745//1243 515//1243 576//1243 
f 745//1244 576//1244 518//1244 
f 799//1245 515//1245 518//1245 
f 515//1246 664//1246 799//1246 
f 799//1247 518//1247 515//1247 
f 515//1220 799//1220 666//1220 
f 539//1248 654//1248 581//1248 
f 581//1249 554//1249 476//1249 
f 563//1250 466//1250 531//1250 
f 531//1251 595//1251 563//1251 
f 466//1252 748//1252 747//1252 
f 695//1253 694//1253 696//1253 
f 855//1254 752//1254 750//1254 
f 855//1255 750//1255 752//1255 
f 569//1256 515//1256 856//1256 
f 570//1257 856//1257 518//1257 
f 709//1258 631//1258 493//1258 
f 627//1259 509//1259 511//1259 
f 781//1260 780//1260 719//1260 
f 781//1261 720//1261 780//1261 
f 560//1262 495//1262 660//1262 
f 497//1263 462//1263 857//1263 
f 841//1264 515//1264 746//1264 
f 841//1265 746//1265 518//1265 
f 858//1266 537//1266 687//1266 
f 521//1081 558//1081 559//1081 
f 521//1267 744//1267 859//1267 
f 817//1268 822//1268 815//1268 
f 817//1269 816//1269 822//1269 
f 584//894 860//894 585//894 
f 651//1270 860//1270 652//1270 
f 760//1271 761//1271 645//1271 
f 760//1272 647//1272 761//1272 
f 861//1273 499//1273 739//1273 
f 861//1274 491//1274 506//1274 
f 530//1275 596//1275 862//1275 
f 596//1276 530//1276 863//1276 
f 732//1277 582//1277 864//1277 
f 655//1278 577//1278 579//1278 
f 691//1279 573//1279 727//1279 
f 598//1280 785//1280 492//1280 
f 642//850 482//850 468//850 
f 642//1281 468//1281 766//1281 
f 865//1282 621//1282 783//1282 
f 865//1283 783//1283 618//1283 
f 481//1284 480//1284 794//1284 
f 573//1285 691//1285 480//1285 
f 611//1286 552//1286 866//1286 
f 611//1287 736//1287 738//1287 
f 867//1288 698//1288 868//1288 
f 867//1289 634//1289 528//1289 
f 869//1290 603//1290 606//1290 
f 869//1291 606//1291 603//1291 
f 776//1292 571//1292 535//1292 
f 479//871 776//871 535//871 
f 520//1293 870//1293 453//1293 
f 520//1294 519//1294 791//1294 
f 712//1295 764//1295 871//1295 
f 713//1296 871//1296 762//1296 
f 587//1297 678//1297 765//1297 
f 678//1298 587//1298 649//1298 
f 688//1299 515//1299 872//1299 
f 518//1300 688//1300 872//1300 
f 557//1301 704//1301 586//1301 
f 637//1302 541//1302 703//1302 
f 785//1303 598//1303 600//1303 
f 600//1304 630//1304 784//1304 
f 873//1305 874//1305 875//1305 
f 693//1306 692//1306 873//1306 
f 802//1307 876//1307 515//1307 
f 802//1308 518//1308 876//1308 
f 515//1309 795//1309 877//1309 
f 795//1310 518//1310 877//1310 
f 545//1311 662//1311 546//1311 
f 501//1089 662//1089 513//1089 
f 878//1312 712//1312 713//1312 
f 879//1313 712//1313 713//1313 
f 781//1314 712//1314 713//1314 
f 871//1315 712//1315 713//1315 
f 880//1316 713//1316 712//1316 
f 878//1317 713//1317 712//1317 
f 871//1295 713//1295 712//1295 
f 879//1318 713//1318 712//1318 
f 781//1319 713//1319 712//1319 
f 880//1320 712//1320 713//1320 
f 871//1321 713//1321 712//1321 
f 710//1322 712//1322 713//1322 
f 881//1323 712//1323 713//1323 
f 881//1324 713//1324 712//1324 
f 484//1325 882//1325 485//1325 
f 674//1326 485//1326 882//1326 
f 839//1327 518//1327 883//1327 
f 839//1328 883//1328 515//1328 
f 813//1329 884//1329 885//1329 
f 804//1330 885//1330 884//1330 
f 886//1331 885//1331 884//1331 
f 811//1332 885//1332 884//1332 
f 811//1333 884//1333 885//1333 
f 887//1334 885//1334 884//1334 
f 813//1335 885//1335 884//1335 
f 804//1336 884//1336 885//1336 
f 888//1337 884//1337 885//1337 
f 888//1338 885//1338 884//1338 
f 889//1339 884//1339 885//1339 
f 887//1340 884//1340 885//1340 
f 697//1341 874//1341 506//1341 
f 874//1342 697//1342 875//1342 
f 456//1343 582//1343 733//1343 
f 582//1183 456//1183 455//1183 
f 890//1344 539//1344 757//1344 
f 890//1345 757//1345 758//1345 
f 744//1346 520//1346 591//1346 
f 532//932 452//932 635//932 
f 482//1347 585//1347 469//1347 
f 656//1348 585//1348 833//1348 
f 790//1349 519//1349 891//1349 
f 519//882 521//882 560//882 
f 892//1350 865//1350 618//1350 
f 892//1351 618//1351 488//1351 
f 487//1352 863//1352 597//1352 
f 549//1353 597//1353 863//1353 
f 893//1354 884//1354 885//1354 
f 893//1355 885//1355 884//1355 
f 556//1356 894//1356 677//1356 
f 526//1357 525//1357 894//1357 
f 472//1358 471//1358 736//1358 
f 472//1359 736//1359 895//1359 
f 648//1360 587//1360 588//1360 
f 467//942 543//942 648//942 
f 896//1361 510//1361 873//1361 
f 896//1362 492//1362 494//1362 
f 552//1363 475//1363 866//1363 
f 610//1364 475//1364 837//1364 
f 678//1297 514//1297 765//1297 
f 897//1365 765//1365 514//1365 
f 663//1366 513//1366 782//1366 
f 886//1367 884//1367 889//1367 
f 886//1368 889//1368 885//1368 
f 639//1365 897//1365 514//1365 
f 748//1369 466//1369 564//1369 
f 564//1370 486//1370 748//1370 
f 698//1371 483//1371 868//1371 
f 698//1372 700//1372 483//1372 
f 627//1373 631//1373 628//1373 
f 631//1374 627//1374 493//1374 
f 537//1375 858//1375 458//1375 
f 620//1376 619//1376 650//1376 
f 524//1377 620//1377 650//1377 
f 462//1378 660//1378 857//1378 
f 502//1379 680//1379 829//1379 
f 680//970 502//970 512//970 
f 898//1380 645//1380 647//1380 
f 898//1381 647//1381 645//1381 
f 626//1382 826//1382 556//1382 
f 556//1162 826//1162 502//1162 
f 714//1383 867//1383 528//1383 
f 528//1384 530//1384 862//1384 
f 849//1385 515//1385 877//1385 
f 518//1386 849//1386 877//1386 
f 796//1387 515//1387 562//1387 
f 518//1388 796//1388 562//1388 
f 625//1389 503//1389 825//1389 
f 545//1390 503//1390 625//1390 
f 515//1391 723//1391 872//1391 
f 723//1392 518//1392 872//1392 
f 554//1393 626//1393 676//1393 
f 554//925 553//925 626//925 
f 743//1394 465//1394 558//1394 
f 558//1395 521//1395 859//1395 
f 532//1396 635//1396 533//1396 
f 635//1397 714//1397 595//1397 
f 789//1099 788//1099 624//1099 
f 628//1398 695//1398 629//1398 
f 509//1168 695//1168 565//1168 
f 496//953 495//953 559//953 
f 496//1399 559//1399 777//1399 
f 561//1400 515//1400 876//1400 
f 561//1401 876//1401 518//1401 
f 553//1402 580//1402 623//1402 
f 580//1403 553//1403 555//1403 
f 802//1404 729//1404 617//1404 
f 515//1405 617//1405 729//1405 
f 570//1406 617//1406 729//1406 
f 899//1407 729//1407 617//1407 
f 838//1408 617//1408 729//1408 
f 802//1409 617//1409 729//1409 
f 900//1410 617//1410 729//1410 
f 570//1411 729//1411 617//1411 
f 838//1412 729//1412 617//1412 
f 729//1413 617//1413 568//1413 
f 899//1414 617//1414 729//1414 
f 729//1415 803//1415 515//1415 
f 598//1416 727//1416 573//1416 
f 572//1417 598//1417 573//1417 
f 867//1418 454//1418 698//1418 
f 635//1419 454//1419 715//1419 
f 582//1420 654//1420 864//1420 
f 654//1421 539//1421 655//1421 
f 577//1422 472//1422 895//1422 
f 578//1423 577//1423 611//1423 
f 617//1424 518//1424 803//1424 
f 803//1424 729//1424 617//1424 
f 803//1425 729//1425 617//1425 
f 803//1426 617//1426 729//1426 
f 515//1427 668//1427 840//1427 
f 668//1428 518//1428 840//1428 
f 515//1429 842//1429 717//1429 
f 842//1430 518//1430 717//1430 
f 515//1431 716//1431 856//1431 
f 716//1432 518//1432 856//1432 
f 696//1433 508//1433 566//1433 
f 508//1434 507//1434 566//1434 
f 846//1435 724//1435 515//1435 
f 846//1436 518//1436 724//1436 
f 718//1437 515//1437 883//1437 
f 518//1438 718//1438 883//1438 
f 534//965 672//965 674//965 
f 534//1185 674//1185 834//1185 
f 578//1439 610//1439 536//1439 
f 536//1440 734//1440 578//1440 
f 617//921 570//921 569//921 
f 569//1441 838//1441 515//1441 
f 716//1442 569//1442 570//1442 
f 729//1443 569//1443 570//1443 
f 901//1444 570//1444 569//1444 
f 901//1445 569//1445 570//1445 
f 567//1446 569//1446 570//1446 
f 856//1447 569//1447 570//1447 
f 716//1448 570//1448 569//1448 
f 729//1449 570//1449 569//1449 
f 856//1256 570//1256 569//1256 
f 856//1450 570//1450 569//1450 
f 515//1451 843//1451 850//1451 
f 843//1452 518//1452 850//1452 
f 570//1453 518//1453 838//1453 
f 838//1453 569//1453 570//1453 
f 838//1454 569//1454 570//1454 
f 838//1455 570//1455 569//1455 
f 623//1456 455//1456 789//1456 
f 580//1402 455//1402 623//1402 
f 641//950 832//950 482//950 
f 684//1457 686//1457 685//1457 
f 474//847 686//847 475//847 
f 870//1458 520//1458 791//1458 
f 790//1459 870//1459 791//1459 
f 700//1372 484//1372 483//1372 
f 499//1460 894//1460 500//1460 
f 540//1461 498//1461 500//1461 
f 861//1462 740//1462 902//1462 
f 740//1463 861//1463 506//1463 
f 589//1464 689//1464 690//1464 
f 758//1465 590//1465 690//1465 
f 835//1466 653//1466 583//1466 
f 584//947 583//947 653//947 
f 675//1467 525//1467 527//1467 
f 613//1468 675//1468 527//1468 
f 737//878 550//878 552//878 
f 550//1469 737//1469 682//1469 
f 706//1470 487//1470 707//1470 
f 487//1471 486//1471 707//1471 
f 744//1472 452//1472 532//1472 
f 743//1473 744//1473 532//1473 
f 674//1043 673//1043 505//1043 
f 529//1474 505//1474 673//1474 
f 595//1475 594//1475 563//1475 
f 564//1476 563//1476 708//1476 
f 453//1477 699//1477 454//1477 
f 870//1478 699//1478 453//1478 
f 585//1347 860//1347 469//1347 
f 469//1479 860//1479 571//1479 
f 477//1393 554//1393 676//1393 
f 477//967 676//967 525//967 
f 706//1276 596//1276 863//1276 
f 863//1480 487//1480 706//1480 
f 783//1481 682//1481 618//1481 
f 783//1482 550//1482 682//1482 
f 648//1483 542//1483 836//1483 
f 702//1484 542//1484 823//1484 
f 678//861 512//861 514//861 
f 512//969 678//969 680//969 
f 727//1280 598//1280 492//1280 
f 727//1485 492//1485 896//1485 
f 513//1486 663//1486 640//1486 
f 514//1487 513//1487 640//1487 
f 495//1488 497//1488 857//1488 
f 660//1489 495//1489 857//1489 
f 524//1490 523//1490 831//1490 
f 612//1491 589//1491 831//1491 
f 672//869 534//869 473//869 
f 622//1492 672//1492 473//1492 
f 584//1493 572//1493 652//1493 
f 860//1494 584//1494 652//1494 
f 459//1495 457//1495 735//1495 
f 463//994 497//994 630//994 
f 496//1496 630//1496 497//1496 
f 482//1497 832//1497 833//1497 
f 585//1498 482//1498 833//1498 
f 498//1499 824//1499 491//1499 
f 541//874 824//874 498//874 
f 619//1500 522//1500 650//1500 
f 726//1501 522//1501 619//1501 
f 624//1390 545//1390 625//1390 
f 788//1502 545//1502 624//1502 
f 467//1503 648//1503 588//1503 
f 468//1504 467//1504 588//1504 
f 694//1505 464//1505 466//1505 
f 694//1506 466//1506 747//1506 
f 507//1507 874//1507 873//1507 
f 874//1508 507//1508 506//1508 
f 696//1509 747//1509 508//1509 
f 694//1510 747//1510 696//1510 
f 551//1492 622//1492 473//1492 
f 622//923 551//923 550//923 
f 547//1474 529//1474 673//1474 
f 529//877 547//877 549//877 
f 537//1511 610//1511 837//1511 
f 686//1512 537//1512 837//1512 
f 488//1513 620//1513 506//1513 
f 618//1351 620//1351 488//1351 
f 897//1514 641//1514 643//1514 
f 765//1515 897//1515 643//1515 
f 659//1516 790//1516 891//1516 
f 684//1517 858//1517 687//1517 
f 686//1518 684//1518 687//1518 
f 510//1519 896//1519 494//1519 
f 493//1520 510//1520 494//1520 
f 846//1521 764//1521 762//1521 
f 763//1522 762//1522 764//1522 
f 846//1523 762//1523 764//1523 
f 710//1524 764//1524 762//1524 
f 779//1525 764//1525 762//1525 
f 845//1526 762//1526 764//1526 
f 763//1527 764//1527 762//1527 
f 713//1528 762//1528 764//1528 
f 515//1221 764//1221 762//1221 
f 871//1529 764//1529 762//1529 
f 845//1530 764//1530 762//1530 
f 710//1531 762//1531 764//1531 
f 779//1532 762//1532 764//1532 
f 763//1057 762//1057 764//1057 
f 539//1533 890//1533 470//1533 
f 890//1534 689//1534 470//1534 
f 476//1535 539//1535 581//1248 
f 539//1536 476//1536 757//1536 
f 764//1537 712//1537 711//1537 
f 764//1528 711//1528 713//1528 
f 860//1479 651//1479 571//1479 
f 571//1292 651//1292 535//1292 
f 558//1242 464//1242 628//1242 
f 628//1538 464//1538 695//1538 
f 529//867 549//867 530//867 
f 530//1539 549//1539 863//1539 
f 613//1540 526//1540 741//1540 
f 590//1541 613//1541 741//1541 
f 900//1542 729//1542 728//1542 
f 900//1543 728//1543 617//1543 
f 479//1544 481//1544 636//1544 
f 489//1545 544//1545 636//1545 
f 453//1546 452//1546 591//1546 
f 452//1547 744//1547 591//1547 
f 481//1548 490//1548 616//1548 
f 490//1549 489//1549 616//1549 
f 499//1550 861//1550 902//1550 
f 499//1357 526//1357 894//1357 
f 834//1551 674//1551 882//1551 
f 471//1552 726//1552 736//1552 
f 726//1553 471//1553 725//1553 
f 614//1554 565//1554 615//1554 
f 565//1555 507//1555 615//1555 
f 491//1556 861//1556 739//1556 
f 498//1557 491//1557 739//1557 
f 493//1558 627//1558 511//1558 
f 510//1559 493//1559 511//1559 
f 667//1560 608//1560 609//1560 
f 667//1561 609//1561 602//1561 
f 536//1562 458//1562 460//1562 
f 734//1563 536//1563 460//1563 
f 614//1564 507//1564 873//1564 
f 510//1361 614//1361 873//1361 
f 455//1456 658//1456 789//1456 
f 621//966 548//966 547//966 
f 621//1565 865//1565 548//1565 
f 531//1028 465//1028 532//1028 
f 466//1566 465//1566 531//1566 
f 657//1466 835//1466 583//1466 
f 543//1072 467//1072 776//1072 
f 543//1567 776//1567 479//1567 
f 457//1568 456//1568 735//1568 
f 456//1569 734//1569 735//1569 
f 867//1570 714//1570 715//1570 
f 454//1571 867//1571 715//1571 
f 637//1572 824//1572 638//1572 
f 824//1573 541//1573 638//1573 
f 560//1574 659//1574 891//1574 
f 519//1575 560//1575 891//1575 
f 538//1576 470//1576 472//1576 
f 472//1023 577//1023 538//1023 
f 765//1577 642//1577 766//1577 
f 587//1578 765//1578 766//1578 
f 572//1579 584//1579 828//1579 
f 598//1580 572//1580 828//1580 
f 501//1581 503//1581 546//1581 
f 662//1582 501//1582 546//1582 
f 680//1583 679//1583 705//1583 
f 704//1584 680//1584 705//1584 
f 709//1585 493//1585 601//1585 
f 785//1586 709//1586 601//1586 
f 653//1587 463//1587 599//1587 
f 463//1588 600//1588 599//1588 
f 475//1589 610//1589 866//1589 
f 610//1590 611//1590 866//1590 
f 894//880 556//880 540//880 
f 894//1591 540//1591 500//1591 
f 661//1592 663//1592 782//1592 
f 662//1593 661//1593 782//1593 
f 557//1594 502//1594 829//1594 
f 704//1595 557//1595 829//1595 
f 689//1596 890//1596 758//1596 
f 689//1597 758//1597 690//1597 
f 523//1598 471//1598 612//1598 
f 523//1599 612//1599 831//1599 
f 734//1600 456//1600 733//1600 
f 732//1601 734//1601 733//1601 
f 693//1602 873//1602 875//1602 
f 697//1603 693//1603 875//1603 
f 900//1604 754//1604 756//1604 
f 567//1605 756//1605 754//1605 
f 756//1606 752//1606 751//1606 
f 900//1607 756//1607 754//1607 
f 567//1608 754//1608 756//1608 
f 753//1609 756//1609 754//1609 
f 535//1610 651//1610 574//1610 
f 573//1611 535//1611 574//1611 
f 679//1612 678//1612 649//1612 
f 648//1613 679//1613 649//1613 
f 503//1614 826//1614 825//1614 
f 826//1615 626//1615 825//1615 
f 559//1616 778//1616 777//1616 
f 778//1617 631//1617 777//1617 
f 754//1618 751//1618 750//1618 
f 751//1606 754//1606 756//1606 
f 785//1619 600//1619 784//1619 
f 709//1620 785//1620 784//1620 
f 581//1621 580//1621 555//1621 
f 554//1622 581//1622 555//1622 
f 767//1623 827//1623 768//1623 
f 767//1624 769//1624 827//1624 
f 634//1625 867//1625 868//1625 
f 483//1626 634//1626 868//1626 
f 704//1627 702//1627 703//1627 
f 541//1628 704//1628 703//1628 
f 714//1629 528//1629 862//1629 
f 596//1630 714//1630 862//1630 
f 552//1631 611//1631 738//1631 
f 737//1632 552//1632 738//1632 
f 541//1633 540//1633 586//1633 
f 704//1634 541//1634 586//1634 
f 477//1635 675//1635 478//1635 
f 675//1636 757//1636 478//1636 
f 740//1637 590//1637 741//1637 
f 590//1638 740//1638 506//1638 
f 504//1639 681//1639 892//1639 
f 504//1640 892//1640 488//1640 
f 692//1485 727//1485 896//1485 
f 692//1306 896//1306 873//1306 
f 474//1641 683//1641 685//1641 
f 686//1642 474//1642 685//1642 
f 702//1643 679//1643 836//1643 
f 542//1644 702//1644 836//1644 
f 637//1484 702//1484 823//1484 
f 637//1151 823//1151 824//1151 
f 635//1645 595//1645 533//1645 
f 595//1646 531//1646 533//1646 
f 865//1565 681//1565 548//1565 
f 681//1639 865//1639 892//1639 
f 743//1647 558//1647 859//1647 
f 744//1648 743//1648 859//1648 
f 544//1567 543//1567 479//1567 
f 544//1649 479//1649 636//1649 
f 525//1650 676//1650 677//1650 
f 894//1651 525//1651 677//1651 
f 509//1652 627//1652 629//1652 
f 695//1653 509//1653 629//1653 
f 655//1654 732//1654 864//1654 
f 654//1655 655//1655 864//1655 
f 594//1656 707//1656 708//1656 
f 563//1657 594//1657 708//1657 
f 611//1658 577//1658 895//1658 
f 736//1659 611//1659 895//1659 
f 752//1234 755//1234 754//1234 
f 752//1660 756//1660 755//1660 
f 480//1661 691//1661 794//1661 
f 691//1662 693//1662 794//1662 
f 508//1663 747//1663 749//1663 
f 508//1664 749//1664 506//1664 
f 732//1665 655//1665 579//1665 
f 578//1666 732//1666 579//1666 
f 688//1667 670//1667 608//1667 
f 688//1668 602//1668 670//1668 
f 522//1669 726//1669 725//1669 
f 523//1670 522//1670 725//1670 
f 526//1671 499//1671 902//1671 
f 740//1672 526//1672 902//1672 
# 919 faces

